,GEO_ID,NAME,tot_poverty,pov_18_64,pov_65_up,pov_150
1,0500000US01003,"Baldwin County, Alabama",219405,126865,46838,44984
2,0500000US01015,"Calhoun County, Alabama",110599,66508,20145,30186
3,0500000US01043,"Cullman County, Alabama",82575,48836,15046,16518
4,0500000US01049,"DeKalb County, Alabama",70682,41789,11511,20028
5,0500000US01051,"Elmore County, Alabama",76605,46324,12362,16230
6,0500000US01055,"Etowah County, Alabama",100640,59868,19575,30755
7,0500000US01069,"Houston County, Alabama",104421,62095,18622,31305
8,0500000US01073,"Jefferson County, Alabama",645037,391518,105640,172879
9,0500000US01077,"Lauderdale County, Alabama",91068,53785,19028,25488
10,0500000US01081,"Lee County, Alabama",158675,103444,20581,39565
11,0500000US01083,"Limestone County, Alabama",95319,57642,15742,20888
12,0500000US01089,"Madison County, Alabama",363294,226240,56664,67773
13,0500000US01095,"Marshall County, Alabama",95577,55348,16182,24762
14,0500000US01097,"Mobile County, Alabama",406842,244962,66629,107801
15,0500000US01101,"Montgomery County, Alabama",217654,132033,34819,50958
16,0500000US01103,"Morgan County, Alabama",116997,69662,21183,29001
17,0500000US01115,"St. Clair County, Alabama",87209,52978,14207,15646
18,0500000US01117,"Shelby County, Alabama",215009,129837,34966,24023
19,0500000US01121,"Talladega County, Alabama",75919,45246,14163,20477
20,0500000US01125,"Tuscaloosa County, Alabama",199237,127762,28102,51848
21,0500000US01127,"Walker County, Alabama",61977,36861,11826,19799
22,0500000US02020,"Anchorage Municipality, Alaska",281214,181572,31752,48985
23,0500000US02090,"Fairbanks North Star Borough, Alaska",92600,59446,10882,9825
24,0500000US02170,"Matanuska-Susitna Borough, Alaska",105790,64321,13556,17711
25,0500000US04001,"Apache County, Arizona",70651,40238,11550,32045
26,0500000US04003,"Cochise County, Arizona",119881,64656,28660,34510
27,0500000US04005,"Coconino County, Arizona",129443,83484,18513,32238
28,0500000US04013,"Maricopa County, Arizona",4427300,2700001,690293,865874
29,0500000US04015,"Mohave County, Arizona",208280,108161,64953,55958
30,0500000US04017,"Navajo County, Arizona",108451,59055,20411,44667
31,0500000US04019,"Pima County, Arizona",1017001,595892,209699,230609
32,0500000US04021,"Pinal County, Arizona",434444,238712,94936,89459
33,0500000US04025,"Yavapai County, Arizona",229787,117448,76716,51135
34,0500000US04027,"Yuma County, Arizona",207253,114440,40461,70240
35,0500000US05007,"Benton County, Arkansas",275215,165767,37399,48348
36,0500000US05031,"Craighead County, Arkansas",106414,66515,14129,28312
37,0500000US05045,"Faulkner County, Arkansas",120947,76813,15636,30722
38,0500000US05051,"Garland County, Arkansas",97858,55086,23483,28399
39,0500000US05069,"Jefferson County, Arkansas",60421,34887,11289,20584
40,0500000US05085,"Lonoke County, Arkansas",72528,44159,9958,13916
41,0500000US05119,"Pulaski County, Arkansas",385112,234056,62171,102232
42,0500000US05125,"Saline County, Arkansas",121089,70596,22383,20911
43,0500000US05131,"Sebastian County, Arkansas",125884,74943,20894,35937
44,0500000US05143,"Washington County, Arkansas",230244,145536,28317,66509
45,0500000US05145,"White County, Arkansas",74944,44142,12915,23585
46,0500000US06001,"Alameda County, California",1642900,1074841,234514,217258
47,0500000US06007,"Butte County, California",213523,130620,39773,49860
48,0500000US06013,"Contra Costa County, California",1143399,703699,184280,148866
49,0500000US06017,"El Dorado County, California",189968,111587,41885,26075
50,0500000US06019,"Fresno County, California",981920,581148,123119,312911
51,0500000US06023,"Humboldt County, California",132369,82482,24836,35289
52,0500000US06025,"Imperial County, California",170050,95696,23625,64887
53,0500000US06029,"Kern County, California",872223,518154,99984,290671
54,0500000US06031,"Kings County, California",138401,81906,15583,37332
55,0500000US06033,"Lake County, California",63532,36119,14177,19286
56,0500000US06037,"Los Angeles County, California",9872009,6380173,1385408,2217451
57,0500000US06039,"Madera County, California",148449,83423,22343,44408
58,0500000US06041,"Marin County, California",253444,144180,58452,27393
59,0500000US06045,"Mendocino County, California",85168,47185,20007,21172
60,0500000US06047,"Merced County, California",270830,160293,31292,72350
61,0500000US06053,"Monterey County, California",416906,246094,59542,94344
62,0500000US06055,"Napa County, California",134438,80915,26305,15394
63,0500000US06057,"Nevada County, California",98775,54741,27299,18147
64,0500000US06059,"Orange County, California",3138405,1979561,478660,481267
65,0500000US06061,"Placer County, California",395459,229983,78104,46408
66,0500000US06065,"Riverside County, California",2427100,1463453,362756,470230
67,0500000US06067,"Sacramento County, California",1529955,952287,220843,313944
68,0500000US06071,"San Bernardino County, California",2130585,1314309,255835,491088
69,0500000US06073,"San Diego County, California",3255097,2074944,477200,567613
70,0500000US06075,"San Francisco County, California",867649,613604,139273,128608
71,0500000US06077,"San Joaquin County, California",742138,446867,95509,178487
72,0500000US06079,"San Luis Obispo County, California",267499,160916,58573,43814
73,0500000US06081,"San Mateo County, California",761098,482938,124943,73284
74,0500000US06083,"Santa Barbara County, California",424175,261041,69004,87969
75,0500000US06085,"Santa Clara County, California",1892698,1222372,262631,186665
76,0500000US06087,"Santa Cruz County, California",261453,163002,47701,49747
77,0500000US06089,"Shasta County, California",177226,101893,37426,38266
78,0500000US06095,"Solano County, California",435439,267777,71271,59594
79,0500000US06097,"Sonoma County, California",486191,292877,100978,63830
80,0500000US06099,"Stanislaus County, California",546896,328331,72091,133061
81,0500000US06101,"Sutter County, California",96166,56772,14606,23757
82,0500000US06103,"Tehama County, California",64024,35963,13253,19601
83,0500000US06107,"Tulare County, California",460020,267365,52741,145506
84,0500000US06111,"Ventura County, California",832477,511186,135107,122158
85,0500000US06113,"Yolo County, California",211872,140555,27938,53500
86,0500000US06115,"Yuba County, California",76652,45645,10196,20029
87,0500000US08001,"Adams County, Colorado",513042,324649,54510,80781
88,0500000US08005,"Arapahoe County, Colorado",648857,413114,86412,80386
89,0500000US08013,"Boulder County, Colorado",313858,206405,46662,48616
90,0500000US08014,"Broomfield County, Colorado",69782,45062,9511,3922
91,0500000US08031,"Denver County, Colorado",714823,493215,84694,127539
92,0500000US08035,"Douglas County, Colorado",350203,217804,43946,15991
93,0500000US08041,"El Paso County, Colorado",701761,438990,94276,115714
94,0500000US08059,"Jefferson County, Colorado",573955,364797,97231,66258
95,0500000US08069,"Larimer County, Colorado",346494,222154,57107,54264
96,0500000US08077,"Mesa County, Colorado",151062,88399,30659,26849
97,0500000US08101,"Pueblo County, Colorado",164979,97207,30859,43976
98,0500000US08123,"Weld County, Colorado",317062,193950,39962,53262
99,0500000US09001,"Fairfield County, Connecticut",926326,569120,149534,133804
100,0500000US09003,"Hartford County, Connecticut",869838,536961,150187,146240
101,0500000US09005,"Litchfield County, Connecticut",178078,107624,38807,20494
102,0500000US09007,"Middlesex County, Connecticut",157297,97162,32375,21979
103,0500000US09009,"New Haven County, Connecticut",828166,512003,147771,167006
104,0500000US09011,"New London County, Connecticut",253622,155884,48054,37567
105,0500000US09013,"Tolland County, Connecticut",135607,86248,23850,16981
106,0500000US09015,"Windham County, Connecticut",111512,70226,18519,22630
107,0500000US10001,"Kent County, Delaware",174297,103922,31392,38329
108,0500000US10003,"New Castle County, Delaware",541125,336753,87703,83956
109,0500000US10005,"Sussex County, Delaware",229533,121387,66648,46524
110,0500000US11001,"District of Columbia, District of Columbia",673041,461628,85100,129981
111,0500000US12001,"Alachua County, Florida",255751,169938,38203,72366
112,0500000US12005,"Bay County, Florida",172273,105040,31551,29399
113,0500000US12009,"Brevard County, Florida",595223,343799,144190,106514
114,0500000US12011,"Broward County, Florida",1936565,1200766,331078,409543
115,0500000US12015,"Charlotte County, Florida",185164,86879,76848,37987
116,0500000US12017,"Citrus County, Florida",146830,71223,54489,36201
117,0500000US12019,"Clay County, Florida",216998,132869,35073,32297
118,0500000US12021,"Collier County, Florida",381881,191890,125945,59044
119,0500000US12023,"Columbia County, Florida",66404,38610,12844,16130
120,0500000US12031,"Duval County, Florida",934419,586916,135137,214555
121,0500000US12033,"Escambia County, Florida",299948,182794,52809,75772
122,0500000US12035,"Flagler County, Florida",114514,59983,35642,20729
123,0500000US12053,"Hernando County, Florida",190472,103378,52960,46143
124,0500000US12055,"Highlands County, Florida",104857,49787,36843,28240
125,0500000US12057,"Hillsborough County, Florida",1453868,919844,211620,319292
126,0500000US12061,"Indian River County, Florida",158418,78549,54192,32707
127,0500000US12069,"Lake County, Florida",362014,196382,97971,78785
128,0500000US12071,"Lee County, Florida",761876,405722,223033,145252
129,0500000US12073,"Leon County, Florida",279640,186354,39843,78584
130,0500000US12081,"Manatee County, Florida",398980,215174,112697,79677
131,0500000US12083,"Marion County, Florida",355224,184712,105257,87068
132,0500000US12085,"Martin County, Florida",157621,81353,50687,24926
133,0500000US12086,"Miami-Dade County, Florida",2683078,1694298,444184,721018
134,0500000US12087,"Monroe County, Florida",73023,45013,17502,10763
135,0500000US12089,"Nassau County, Florida",87600,49932,20491,13007
136,0500000US12091,"Okaloosa County, Florida",203287,124205,33986,41795
137,0500000US12095,"Orange County, Florida",1359610,892229,167720,303380
138,0500000US12097,"Osceola County, Florida",373160,233750,50085,88336
139,0500000US12099,"Palm Beach County, Florida",1473989,836134,359472,294277
140,0500000US12101,"Pasco County, Florida",546086,312763,123438,106918
141,0500000US12103,"Pinellas County, Florida",957801,564615,241951,182986
142,0500000US12105,"Polk County, Florida",709779,407644,146824,185797
143,0500000US12107,"Putnam County, Florida",72836,40533,17269,26496
144,0500000US12109,"St. Johns County, Florida",261736,150781,54902,25746
145,0500000US12111,"St. Lucie County, Florida",325399,181518,80414,61913
146,0500000US12113,"Santa Rosa County, Florida",177194,107672,30757,33719
147,0500000US12115,"Sarasota County, Florida",427475,209227,158886,59967
148,0500000US12117,"Seminole County, Florida",467578,296293,73611,78269
149,0500000US12119,"Sumter County, Florida",122539,35836,78029,17419
150,0500000US12127,"Volusia County, Florida",542036,312966,134126,122588
151,0500000US12131,"Walton County, Florida",72352,42889,14626,15293
152,0500000US13013,"Barrow County, Georgia",82527,51191,10335,11542
153,0500000US13015,"Bartow County, Georgia",106041,65015,15910,26196
154,0500000US13021,"Bibb County, Georgia",146526,87038,23573,51112
155,0500000US13031,"Bulloch County, Georgia",71375,47773,8871,21707
156,0500000US13045,"Carroll County, Georgia",116210,72097,16295,26568
157,0500000US13047,"Catoosa County, Georgia",67053,39915,11717,12560
158,0500000US13051,"Chatham County, Georgia",277382,172371,45406,68409
159,0500000US13057,"Cherokee County, Georgia",256722,157118,37961,31986
160,0500000US13059,"Clarke County, Georgia",116127,80298,14111,47975
161,0500000US13063,"Clayton County, Georgia",286761,179264,27584,78917
162,0500000US13067,"Cobb County, Georgia",746602,478943,94902,121463
163,0500000US13073,"Columbia County, Georgia",155650,95195,21845,11412
164,0500000US13077,"Coweta County, Georgia",147970,90461,21470,23656
165,0500000US13089,"DeKalb County, Georgia",743480,476605,96338,152951
166,0500000US13095,"Dougherty County, Georgia",84200,49631,14385,34657
167,0500000US13097,"Douglas County, Georgia",144305,90568,17348,25756
168,0500000US13113,"Fayette County, Georgia",113009,65827,21613,11519
169,0500000US13115,"Floyd County, Georgia",93975,55344,16422,25063
170,0500000US13117,"Forsyth County, Georgia",243387,147918,30291,17620
171,0500000US13121,"Fulton County, Georgia",1030412,679212,125000,200068
172,0500000US13127,"Glynn County, Georgia",84105,48757,17376,18482
173,0500000US13135,"Gwinnett County, Georgia",930272,584719,97554,167039
174,0500000US13139,"Hall County, Georgia",202448,121792,30657,44728
175,0500000US13151,"Henry County, Georgia",233177,146328,27832,34436
176,0500000US13153,"Houston County, Georgia",155680,96302,19712,31123
177,0500000US13157,"Jackson County, Georgia",71965,42732,10647,15443
178,0500000US13185,"Lowndes County, Georgia",112752,70559,14374,35437
179,0500000US13215,"Muscogee County, Georgia",189785,115561,26431,53391
180,0500000US13217,"Newton County, Georgia",110020,67170,14452,29103
181,0500000US13223,"Paulding County, Georgia",167704,106260,17766,21074
182,0500000US13245,"Richmond County, Georgia",192080,118385,28615,58065
183,0500000US13247,"Rockdale County, Georgia",89936,54600,13565,26680
184,0500000US13255,"Spalding County, Georgia",64851,37767,12009,15623
185,0500000US13285,"Troup County, Georgia",67642,41591,10367,22201
186,0500000US13295,"Walker County, Georgia",67762,40400,12664,18052
187,0500000US13297,"Walton County, Georgia",93319,56121,14716,17884
188,0500000US13313,"Whitfield County, Georgia",102796,61600,14769,25466
189,0500000US15001,"Hawaii County, Hawaii",198625,112219,43645,42722
190,0500000US15003,"Honolulu County, Hawaii",943455,567181,174983,118746
191,0500000US15007,"Kauai County, Hawaii",71467,40882,14996,10064
192,0500000US15009,"Maui County, Hawaii",165518,98120,31968,25619
193,0500000US16001,"Ada County, Idaho",470046,290096,70270,68574
194,0500000US16005,"Bannock County, Idaho",85173,51358,12090,22090
195,0500000US16019,"Bonneville County, Idaho",118274,66727,15400,23673
196,0500000US16027,"Canyon County, Idaho",226004,131036,32166,48886
197,0500000US16055,"Kootenai County, Idaho",163518,95110,31482,32057
198,0500000US16083,"Twin Falls County, Idaho",86152,47892,13802,17662
199,0500000US17001,"Adams County, Illinois",63738,37321,12476,12656
200,0500000US17019,"Champaign County, Illinois",194307,128314,27477,56726
201,0500000US17031,"Cook County, Illinois",5061831,3208503,754901,1054197
202,0500000US17037,"DeKalb County, Illinois",100352,65058,13069,19271
203,0500000US17043,"DuPage County, Illinois",910155,559126,145131,95053
204,0500000US17089,"Kane County, Illinois",524677,320289,74609,73019
205,0500000US17091,"Kankakee County, Illinois",105150,63862,17761,21415
206,0500000US17093,"Kendall County, Illinois",128659,78094,14585,9446
207,0500000US17097,"Lake County, Illinois",679573,414365,100245,84218
208,0500000US17099,"LaSalle County, Illinois",104738,62394,20161,20677
209,0500000US17111,"McHenry County, Illinois",304840,189081,45659,28721
210,0500000US17113,"McLean County, Illinois",161595,102905,22709,36411
211,0500000US17115,"Macon County, Illinois",100138,57381,20343,24024
212,0500000US17119,"Madison County, Illinois",257967,156328,44958,46605
213,0500000US17143,"Peoria County, Illinois",174216,102400,30216,43292
214,0500000US17161,"Rock Island County, Illinois",136642,78918,26653,30945
215,0500000US17163,"St. Clair County, Illinois",254964,155222,40850,50778
216,0500000US17167,"Sangamon County, Illinois",190267,113354,35239,38466
217,0500000US17179,"Tazewell County, Illinois",128884,73983,25110,21582
218,0500000US17183,"Vermilion County, Illinois",72794,41234,14170,22338
219,0500000US17197,"Will County, Illinois",680639,422472,91041,73260
220,0500000US17199,"Williamson County, Illinois",63954,37447,12631,13026
221,0500000US17201,"Winnebago County, Illinois",277569,164792,48875,74171
222,0500000US18003,"Allen County, Indiana",373251,222704,55092,76987
223,0500000US18005,"Bartholomew County, Indiana",82540,49294,13625,18229
224,0500000US18011,"Boone County, Indiana",66683,40367,9065,9838
225,0500000US18019,"Clark County, Indiana",116857,71443,19259,25158
226,0500000US18035,"Delaware County, Indiana",106480,67853,19058,33049
227,0500000US18039,"Elkhart County, Indiana",201420,116465,30187,38942
228,0500000US18043,"Floyd County, Indiana",76516,46692,12209,13988
229,0500000US18053,"Grant County, Indiana",59814,34552,12112,14392
230,0500000US18057,"Hamilton County, Indiana",335217,202885,43849,22998
231,0500000US18059,"Hancock County, Indiana",77218,47159,12896,9518
232,0500000US18063,"Hendricks County, Indiana",165335,102379,24049,12250
233,0500000US18067,"Howard County, Indiana",80726,46865,15431,15855
234,0500000US18081,"Johnson County, Indiana",154441,94549,22939,15336
235,0500000US18085,"Kosciusko County, Indiana",77978,45822,13344,13503
236,0500000US18089,"Lake County, Indiana",479832,288240,80422,109081
237,0500000US18091,"LaPorte County, Indiana",101804,59911,19011,24182
238,0500000US18095,"Madison County, Indiana",122962,72496,23854,28784
239,0500000US18097,"Marion County, Indiana",943196,594297,120556,252288
240,0500000US18105,"Monroe County, Indiana",131954,90988,19194,38625
241,0500000US18109,"Morgan County, Indiana",69117,42259,11470,11017
242,0500000US18127,"Porter County, Indiana",166619,102509,27394,25294
243,0500000US18141,"St. Joseph County, Indiana",258532,154440,42271,60309
244,0500000US18157,"Tippecanoe County, Indiana",178814,117279,21638,46420
245,0500000US18163,"Vanderburgh County, Indiana",174496,106293,29994,43542
246,0500000US18167,"Vigo County, Indiana",98462,60742,17237,29603
247,0500000US18177,"Wayne County, Indiana",62747,36231,12202,16788
248,0500000US19013,"Black Hawk County, Iowa",126488,77150,21611,25927
249,0500000US19049,"Dallas County, Iowa",92985,57161,10948,7488
250,0500000US19061,"Dubuque County, Iowa",93941,54682,17410,15353
251,0500000US19103,"Johnson County, Iowa",143912,96093,18153,32848
252,0500000US19113,"Linn County, Iowa",221056,134650,35421,40282
253,0500000US19153,"Polk County, Iowa",481812,297252,64989,83509
254,0500000US19155,"Pottawattamie County, Iowa",91059,53484,16381,19439
255,0500000US19163,"Scott County, Iowa",169534,101913,27457,31522
256,0500000US19169,"Story County, Iowa",85421,58501,12141,20182
257,0500000US19193,"Woodbury County, Iowa",100212,59015,15168,21986
258,0500000US20015,"Butler County, Kansas",63328,36235,10416,11603
259,0500000US20045,"Douglas County, Kansas",114055,75802,16012,26602
260,0500000US20091,"Johnson County, Kansas",595909,365551,87845,55089
261,0500000US20103,"Leavenworth County, Kansas",75850,45810,11657,10551
262,0500000US20161,"Riley County, Kansas",64060,45520,6778,20860
263,0500000US20173,"Sedgwick County, Kansas",508791,304577,75484,99517
264,0500000US20177,"Shawnee County, Kansas",172033,100752,31737,26441
265,0500000US20209,"Wyandotte County, Kansas",163799,98323,20229,54368
266,0500000US21015,"Boone County, Kentucky",131133,80239,18193,15759
267,0500000US21029,"Bullitt County, Kentucky",81080,50264,13452,11461
268,0500000US21037,"Campbell County, Kentucky",90333,56074,14974,15195
269,0500000US21047,"Christian County, Kentucky",63975,36285,8698,22257
270,0500000US21059,"Daviess County, Kentucky",98704,57475,16989,27163
271,0500000US21067,"Fayette County, Kentucky",310470,201841,42812,76210
272,0500000US21093,"Hardin County, Kentucky",106800,65751,15933,18525
273,0500000US21111,"Jefferson County, Kentucky",750585,460622,124667,166002
274,0500000US21117,"Kenton County, Kentucky",165262,101999,24049,29883
275,0500000US21145,"McCracken County, Kentucky",64066,37115,12278,16423
276,0500000US21151,"Madison County, Kentucky",86053,54380,12749,24287
277,0500000US21185,"Oldham County, Kentucky",63120,37211,9530,4857
278,0500000US21227,"Warren County, Kentucky",125327,79178,16318,28727
279,0500000US22005,"Ascension Parish, Louisiana",125435,76024,16135,16967
280,0500000US22015,"Bossier Parish, Louisiana",123789,75957,17747,33605
281,0500000US22017,"Caddo Parish, Louisiana",235478,138707,41295,83711
282,0500000US22019,"Calcasieu Parish, Louisiana",200295,118613,30690,60236
283,0500000US22033,"East Baton Rouge Parish, Louisiana",430841,268922,62633,115418
284,0500000US22045,"Iberia Parish, Louisiana",69016,40784,10780,21304
285,0500000US22051,"Jefferson Parish, Louisiana",428350,258740,75690,96360
286,0500000US22055,"Lafayette Parish, Louisiana",238960,149689,32405,63035
287,0500000US22057,"Lafourche Parish, Louisiana",94464,57090,15699,27736
288,0500000US22063,"Livingston Parish, Louisiana",139441,85287,18755,28883
289,0500000US22071,"Orleans Parish, Louisiana",379999,244862,59203,124521
290,0500000US22073,"Ouachita Parish, Louisiana",146054,85318,23116,52316
291,0500000US22079,"Rapides Parish, Louisiana",126369,73819,20738,34626
292,0500000US22097,"St. Landry Parish, Louisiana",80164,46655,13273,30241
293,0500000US22103,"St. Tammany Parish, Louisiana",257709,151866,44769,50813
294,0500000US22105,"Tangipahoa Parish, Louisiana",131388,79467,19474,42382
295,0500000US22109,"Terrebonne Parish, Louisiana",108393,65228,16301,31821
296,0500000US23001,"Androscoggin County, Maine",104940,63721,18608,18396
297,0500000US23003,"Aroostook County, Maine",64365,37121,15760,18938
298,0500000US23005,"Cumberland County, Maine",286076,179203,54967,37817
299,0500000US23011,"Kennebec County, Maine",118195,72270,24114,22937
300,0500000US23019,"Penobscot County, Maine",144971,90990,28410,30652
301,0500000US23031,"York County, Maine",204512,124379,42921,29593
302,0500000US24001,"Allegany County, Maryland",61652,36693,13505,15365
303,0500000US24003,"Anne Arundel County, Maryland",562826,350125,85210,50885
304,0500000US24005,"Baltimore County, Maryland",807497,490015,140720,117503
305,0500000US24009,"Calvert County, Maryland",91786,56873,13919,6727
306,0500000US24013,"Carroll County, Maryland",164224,100347,28544,14122
307,0500000US24015,"Cecil County, Maryland",100975,63068,16373,18304
308,0500000US24017,"Charles County, Maryland",160910,102805,20295,15587
309,0500000US24021,"Frederick County, Maryland",254295,157221,38047,24566
310,0500000US24025,"Harford County, Maryland",253672,156036,41735,30592
311,0500000US24027,"Howard County, Maryland",323615,199000,46043,28998
312,0500000US24031,"Montgomery County, Maryland",1039287,637349,165275,126068
313,0500000US24033,"Prince George's County, Maryland",887565,566495,124308,122331
314,0500000US24037,"St. Mary's County, Maryland",110699,69202,14757,14616
315,0500000US24043,"Washington County, Maryland",142206,85407,25087,27187
316,0500000US24045,"Wicomico County, Maryland",98564,61172,16324,27792
317,0500000US24510,"Baltimore city, Maryland",570960,369485,84165,167674
318,0500000US25001,"Barnstable County, Massachusetts",210469,113497,65979,21410
319,0500000US25003,"Berkshire County, Massachusetts",118600,69474,29393,23473
320,0500000US25005,"Bristol County, Massachusetts",551042,342520,94277,98143
321,0500000US25009,"Essex County, Massachusetts",771387,473685,134443,113386
322,0500000US25011,"Franklin County, Massachusetts",69246,41647,15979,10962
323,0500000US25013,"Hampden County, Massachusetts",452901,276555,77847,105173
324,0500000US25015,"Hampshire County, Massachusetts",137340,86387,28516,24291
325,0500000US25017,"Middlesex County, Massachusetts",1557113,999770,246015,167983
326,0500000US25021,"Norfolk County, Massachusetts",688639,425112,118209,60983
327,0500000US25023,"Plymouth County, Massachusetts",509964,307123,93840,59956
328,0500000US25025,"Suffolk County, Massachusetts",759308,536403,96151,176978
329,0500000US25027,"Worcester County, Massachusetts",802035,502685,129215,125914
330,0500000US26005,"Allegan County, Michigan",116671,69085,19948,25235
331,0500000US26017,"Bay County, Michigan",102250,60900,20795,20259
332,0500000US26021,"Berrien County, Michigan",150229,87446,30565,38910
333,0500000US26025,"Calhoun County, Michigan",130678,77310,23915,28587
334,0500000US26037,"Clinton County, Michigan",78825,47807,13711,13018
335,0500000US26045,"Eaton County, Michigan",108611,64660,21236,14657
336,0500000US26049,"Genesee County, Michigan",400914,240067,72331,100661
337,0500000US26055,"Grand Traverse County, Michigan",91898,54959,19029,14216
338,0500000US26065,"Ingham County, Michigan",272856,177484,39561,73989
339,0500000US26073,"Isabella County, Michigan",63612,43273,9062,23596
340,0500000US26075,"Jackson County, Michigan",149178,87309,28479,33191
341,0500000US26077,"Kalamazoo County, Michigan",257598,162484,39661,52917
342,0500000US26081,"Kent County, Michigan",646272,401894,90193,123974
343,0500000US26087,"Lapeer County, Michigan",85733,52459,16147,17174
344,0500000US26091,"Lenawee County, Michigan",93023,54431,18896,19297
345,0500000US26093,"Livingston County, Michigan",190826,117224,34039,14502
346,0500000US26099,"Macomb County, Michigan",865907,536759,149332,134497
347,0500000US26103,"Marquette County, Michigan",63106,39033,12666,12018
348,0500000US26111,"Midland County, Michigan",82050,48796,15136,11771
349,0500000US26115,"Monroe County, Michigan",148968,90149,27899,24901
350,0500000US26121,"Muskegon County, Michigan",167349,99783,29657,40263
351,0500000US26125,"Oakland County, Michigan",1247140,775457,213646,155819
352,0500000US26139,"Ottawa County, Michigan",282246,169323,44673,37965
353,0500000US26145,"Saginaw County, Michigan",184422,108494,36119,53624
354,0500000US26147,"St. Clair County, Michigan",157479,95331,30357,31010
355,0500000US26155,"Shiawassee County, Michigan",67098,40407,12795,11888
356,0500000US26159,"Van Buren County, Michigan",75009,43621,14080,17104
357,0500000US26161,"Washtenaw County, Michigan",347058,228323,52058,66662
358,0500000US26163,"Wayne County, Michigan",1729271,1051816,270596,502498
359,0500000US27003,"Anoka County, Minnesota",353011,218942,51078,42606
360,0500000US27013,"Blue Earth County, Minnesota",63764,41880,9050,14178
361,0500000US27019,"Carver County, Minnesota",103680,63953,12696,8199
362,0500000US27035,"Crow Wing County, Minnesota",64126,35652,14534,12170
363,0500000US27037,"Dakota County, Minnesota",426249,261525,62024,46155
364,0500000US27053,"Hennepin County, Minnesota",1244386,793687,179027,190725
365,0500000US27109,"Olmsted County, Minnesota",155863,93179,24617,19148
366,0500000US27123,"Ramsey County, Minnesota",536632,331755,79156,108530
367,0500000US27131,"Rice County, Minnesota",58482,34221,10169,7762
368,0500000US27137,"St. Louis County, Minnesota",190830,116694,38278,38746
369,0500000US27139,"Scott County, Minnesota",147142,91111,15985,9830
370,0500000US27141,"Sherburne County, Minnesota",93816,58868,10874,7102
371,0500000US27145,"Stearns County, Minnesota",154978,92910,24943,28217
372,0500000US27163,"Washington County, Minnesota",258765,156737,39718,19446
373,0500000US27171,"Wright County, Minnesota",137043,81071,18125,10084
374,0500000US28033,"DeSoto County, Mississippi",183057,113011,24188,30365
375,0500000US28035,"Forrest County, Mississippi",71960,44901,10282,25446
376,0500000US28047,"Harrison County, Mississippi",202552,122606,31289,60226
377,0500000US28049,"Hinds County, Mississippi",223509,136097,33533,75852
378,0500000US28059,"Jackson County, Mississippi",141022,85360,23844,33863
379,0500000US28067,"Jones County, Mississippi",66396,37816,11858,24995
380,0500000US28075,"Lauderdale County, Mississippi",70319,40821,12537,22891
381,0500000US28081,"Lee County, Mississippi",84216,50834,12430,18636
382,0500000US28089,"Madison County, Mississippi",104816,64376,14228,20901
383,0500000US28121,"Rankin County, Mississippi",150634,91553,23838,25247
384,0500000US29019,"Boone County, Missouri",171566,113922,21553,48008
385,0500000US29021,"Buchanan County, Missouri",83001,50664,13506,24144
386,0500000US29031,"Cape Girardeau County, Missouri",75558,47063,12216,18118
387,0500000US29037,"Cass County, Missouri",104422,62020,17499,17491
388,0500000US29043,"Christian County, Missouri",87545,52225,13675,17670
389,0500000US29047,"Clay County, Missouri",247828,153024,35489,41738
390,0500000US29051,"Cole County, Missouri",70734,41247,13152,11766
391,0500000US29071,"Franklin County, Missouri",102423,61434,18186,16821
392,0500000US29077,"Greene County, Missouri",280555,175492,47089,73809
393,0500000US29095,"Jackson County, Missouri",691159,425798,104653,147872
394,0500000US29097,"Jasper County, Missouri",118963,70720,18903,37466
395,0500000US29099,"Jefferson County, Missouri",222160,138109,33860,31022
396,0500000US29165,"Platte County, Missouri",103348,63880,15317,12930
397,0500000US29183,"St. Charles County, Missouri",394168,241012,62088,32751
398,0500000US29187,"St. Francois County, Missouri",60348,36857,10247,18502
399,0500000US29189,"St. Louis County, Missouri",972269,582481,177464,140820
400,0500000US29510,"St. Louis city, Missouri",291953,194758,42142,84869
401,0500000US30013,"Cascade County, Montana",78728,46374,15029,18724
402,0500000US30029,"Flathead County, Montana",102779,60142,20541,18492
403,0500000US30031,"Gallatin County, Montana",110024,73172,15304,18845
404,0500000US30049,"Lewis and Clark County, Montana",67670,40895,13474,10762
405,0500000US30063,"Missoula County, Montana",117012,75812,19216,20937
406,0500000US30111,"Yellowstone County, Montana",157348,93698,27619,31149
407,0500000US31055,"Douglas County, Nebraska",559234,340846,74750,104685
408,0500000US31109,"Lancaster County, Nebraska",305208,189856,44723,58465
409,0500000US31153,"Sarpy County, Nebraska",185249,112921,22107,20137
410,0500000US32003,"Clark County, Nevada",2239097,1387875,339883,471464
411,0500000US32031,"Washoe County, Nevada",465871,287906,78927,84143
412,0500000US33005,"Cheshire County, New Hampshire",71554,42426,15412,11427
413,0500000US33009,"Grafton County, New Hampshire",83815,51309,18358,13290
414,0500000US33011,"Hillsborough County, New Hampshire",408711,262157,64313,50838
415,0500000US33013,"Merrimack County, New Hampshire",144948,89671,26804,17928
416,0500000US33015,"Rockingham County, New Hampshire",305969,191475,56694,23905
417,0500000US33017,"Strafford County, New Hampshire",120467,77956,20311,16167
418,0500000US34001,"Atlantic County, New Jersey",258409,155429,47906,48779
419,0500000US34003,"Bergen County, New Jersey",922214,566916,160732,88909
420,0500000US34005,"Burlington County, New Jersey",433658,268025,75006,42850
421,0500000US34007,"Camden County, New Jersey",498864,307341,79479,84574
422,0500000US34009,"Cape May County, New Jersey",90325,50383,24001,12773
423,0500000US34011,"Cumberland County, New Jersey",138614,81187,22095,35493
424,0500000US34013,"Essex County, New Jersey",778227,483621,107039,171326
425,0500000US34015,"Gloucester County, New Jersey",287854,178562,46717,37043
426,0500000US34017,"Hudson County, New Jersey",663067,449325,79775,149928
427,0500000US34019,"Hunterdon County, New Jersey",120902,74121,23970,7953
428,0500000US34021,"Mercer County, New Jersey",349835,217346,55321,61047
429,0500000US34023,"Middlesex County, New Jersey",802017,499668,125200,119256
430,0500000US34025,"Monmouth County, New Jersey",612785,374670,109861,62326
431,0500000US34027,"Morris County, New Jersey",484901,299165,83811,47745
432,0500000US34029,"Ocean County, New Jersey",600174,319513,135913,90014
433,0500000US34031,"Passaic County, New Jersey",493955,303192,73195,109438
434,0500000US34033,"Salem County, New Jersey",61090,36486,11777,12547
435,0500000US34035,"Somerset County, New Jersey",325647,203948,51838,26679
436,0500000US34037,"Sussex County, New Jersey",139188,88096,24049,11105
437,0500000US34039,"Union County, New Jersey",548535,341655,79342,88369
438,0500000US34041,"Warren County, New Jersey",102713,64217,19254,10020
439,0500000US35001,"Bernalillo County, New Mexico",670072,414254,113398,165046
440,0500000US35005,"Chaves County, New Mexico",62592,35965,10092,19481
441,0500000US35013,"Do√±a Ana County, New Mexico",212737,125609,34791,80423
442,0500000US35025,"Lea County, New Mexico",67687,39807,7618,17841
443,0500000US35031,"McKinley County, New Mexico",70579,40888,9931,34761
444,0500000US35035,"Otero County, New Mexico",63464,36420,11564,23290
445,0500000US35043,"Sandoval County, New Mexico",145958,86039,26862,21972
446,0500000US35045,"San Juan County, New Mexico",122225,71200,18985,42120
447,0500000US35049,"Santa Fe County, New Mexico",147701,84473,37821,32812
448,0500000US35061,"Valencia County, New Mexico",74186,44339,14009,19618
449,0500000US36001,"Albany County, New York",289834,184061,51083,52453
450,0500000US36005,"Bronx County, New York",1380542,864009,179103,523945
451,0500000US36007,"Broome County, New York",180834,109483,35790,49248
452,0500000US36009,"Cattaraugus County, New York",73921,42549,15006,18816
453,0500000US36011,"Cayuga County, New York",72168,43540,14549,16680
454,0500000US36013,"Chautauqua County, New York",121710,72206,25215,31828
455,0500000US36015,"Chemung County, New York",79169,46888,15421,16900
456,0500000US36019,"Clinton County, New York",72637,45673,13651,16505
457,0500000US36027,"Dutchess County, New York",277575,173639,51141,40534
458,0500000US36029,"Erie County, New York",892570,546587,164080,184421
459,0500000US36045,"Jefferson County, New York",102574,62587,15237,24928
460,0500000US36047,"Kings County, New York",2530472,1601636,358239,683541
461,0500000US36051,"Livingston County, New York",57635,35214,11244,12494
462,0500000US36053,"Madison County, New York",65585,38935,13229,10146
463,0500000US36055,"Monroe County, New York",716383,438602,127680,143368
464,0500000US36059,"Nassau County, New York",1335756,809506,241453,116042
465,0500000US36061,"New York County, New York",1580011,1080185,270552,320005
466,0500000US36063,"Niagara County, New York",204899,124868,39798,39078
467,0500000US36065,"Oneida County, New York",217241,128051,41558,48622
468,0500000US36067,"Onondaga County, New York",441408,269034,77567,93106
469,0500000US36069,"Ontario County, New York",105842,63073,22113,14396
470,0500000US36071,"Orange County, New York",375485,225432,53542,68294
471,0500000US36075,"Oswego County, New York",111678,68997,19353,26917
472,0500000US36079,"Putnam County, New York",96696,61296,17058,6702
473,0500000US36081,"Queens County, New York",2220620,1426421,357590,412673
474,0500000US36083,"Rensselaer County, New York",152897,95962,27093,25842
475,0500000US36085,"Richmond County, New York",470816,291070,77082,66447
476,0500000US36087,"Rockland County, New York",321709,178987,50845,58610
477,0500000US36089,"St. Lawrence County, New York",96377,57126,18791,29294
478,0500000US36091,"Saratoga County, New York",226634,139446,42232,22721
479,0500000US36093,"Schenectady County, New York",151416,91972,26196,29708
480,0500000US36101,"Steuben County, New York",93981,55785,18235,25635
481,0500000US36103,"Suffolk County, New York",1448519,898102,250141,145200
482,0500000US36105,"Sullivan County, New York",72778,42802,14376,16254
483,0500000US36109,"Tompkins County, New York",89133,60336,15065,20082
484,0500000US36111,"Ulster County, New York",169697,104343,35190,32510
485,0500000US36113,"Warren County, New York",63225,37095,15054,9881
486,0500000US36117,"Wayne County, New York",88923,53213,17054,18238
487,0500000US36119,"Westchester County, New York",944912,575562,163172,119997
488,0500000US37001,"Alamance County, North Carolina",165387,99823,28461,37491
489,0500000US37019,"Brunswick County, North Carolina",141927,74919,46358,21180
490,0500000US37021,"Buncombe County, North Carolina",254547,155799,51978,58524
491,0500000US37023,"Burke County, North Carolina",88308,53505,18385,25831
492,0500000US37025,"Cabarrus County, North Carolina",214542,130403,29765,31592
493,0500000US37027,"Caldwell County, North Carolina",81097,49015,15986,19045
494,0500000US37031,"Carteret County, North Carolina",68408,39150,17558,9703
495,0500000US37035,"Catawba County, North Carolina",156634,93673,28473,34811
496,0500000US37037,"Chatham County, North Carolina",73477,40673,18483,13501
497,0500000US37045,"Cleveland County, North Carolina",95910,56702,18380,28644
498,0500000US37049,"Craven County, North Carolina",96512,55872,19730,23626
499,0500000US37051,"Cumberland County, North Carolina",317943,196910,39883,93516
500,0500000US37057,"Davidson County, North Carolina",165276,99809,30738,44204
501,0500000US37063,"Durham County, North Carolina",307028,197947,43512,64811
502,0500000US37067,"Forsyth County, North Carolina",371779,224832,60728,93927
503,0500000US37069,"Franklin County, North Carolina",68309,41579,11474,12947
504,0500000US37071,"Gaston County, North Carolina",220193,135226,36706,50440
505,0500000US37081,"Guilford County, North Carolina",515555,317904,80990,132254
506,0500000US37085,"Harnett County, North Carolina",132418,81197,16721,36161
507,0500000US37089,"Henderson County, North Carolina",116087,64235,30003,21327
508,0500000US37097,"Iredell County, North Carolina",180258,111859,27965,27068
509,0500000US37101,"Johnston County, North Carolina",207359,128117,27164,42631
510,0500000US37109,"Lincoln County, North Carolina",85299,52631,14840,10970
511,0500000US37119,"Mecklenburg County, North Carolina",1093798,713548,125066,200294
512,0500000US37125,"Moore County, North Carolina",99168,54876,23726,20299
513,0500000US37127,"Nash County, North Carolina",92275,54820,17258,28452
514,0500000US37129,"New Hanover County, North Carolina",227348,143226,41574,54484
515,0500000US37133,"Onslow County, North Carolina",178429,112233,18486,43640
516,0500000US37135,"Orange County, North Carolina",135943,86199,21706,26149
517,0500000US37147,"Pitt County, North Carolina",173204,111076,24263,48920
518,0500000US37151,"Randolph County, North Carolina",141793,84657,25939,40204
519,0500000US37155,"Robeson County, North Carolina",127275,75223,20129,58956
520,0500000US37157,"Rockingham County, North Carolina",89124,53186,18334,26630
521,0500000US37159,"Rowan County, North Carolina",137475,82867,24310,34773
522,0500000US37161,"Rutherford County, North Carolina",65941,37436,15133,21557
523,0500000US37171,"Surry County, North Carolina",70892,41464,14753,20658
524,0500000US37179,"Union County, North Carolina",236758,144335,29978,28831
525,0500000US37183,"Wake County, North Carolina",1087829,698032,131558,155709
526,0500000US37191,"Wayne County, North Carolina",120848,71491,20343,39003
527,0500000US37193,"Wilkes County, North Carolina",67405,39590,15088,17007
528,0500000US37195,"Wilson County, North Carolina",80069,47236,14652,27558
529,0500000US38015,"Burleigh County, North Dakota",92698,55658,15535,9246
530,0500000US38017,"Cass County, North Dakota",177765,115957,21893,30689
531,0500000US38035,"Grand Forks County, North Dakota",65405,42275,8907,16683
532,0500000US38101,"Ward County, North Dakota",65765,41902,8258,7914
533,0500000US39003,"Allen County, Ohio",97864,57743,17567,20289
534,0500000US39007,"Ashtabula County, Ohio",94133,54981,18242,31840
535,0500000US39009,"Athens County, Ohio",55673,37134,8614,20422
536,0500000US39013,"Belmont County, Ohio",63221,37435,13258,11432
537,0500000US39017,"Butler County, Ohio",370723,227844,55367,73765
538,0500000US39023,"Clark County, Ohio",131135,76568,25154,33263
539,0500000US39025,"Clermont County, Ohio",204175,124378,33863,31991
540,0500000US39029,"Columbiana County, Ohio",97901,56960,20715,19779
541,0500000US39035,"Cuyahoga County, Ohio",1208988,737756,220940,303114
542,0500000US39041,"Delaware County, Ohio",206792,123899,29197,20793
543,0500000US39043,"Erie County, Ohio",73403,42752,15591,13448
544,0500000US39045,"Fairfield County, Ohio",154194,92716,24622,21391
545,0500000US39049,"Franklin County, Ohio",1286381,827117,158780,280790
546,0500000US39055,"Geauga County, Ohio",92804,52477,18911,10999
547,0500000US39057,"Greene County, Ohio",159862,96610,28896,27144
548,0500000US39061,"Hamilton County, Ohio",799030,490996,123710,172085
549,0500000US39063,"Hancock County, Ohio",73361,44324,12855,12050
550,0500000US39081,"Jefferson County, Ohio",63162,36739,14080,17261
551,0500000US39085,"Lake County, Ohio",226881,136195,46056,34566
552,0500000US39089,"Licking County, Ohio",171988,104058,28634,28854
553,0500000US39093,"Lorain County, Ohio",300670,176278,58030,60356
554,0500000US39095,"Lucas County, Ohio",418565,253445,68704,113083
555,0500000US39099,"Mahoning County, Ohio",222263,130693,46551,57487
556,0500000US39101,"Marion County, Ohio",59151,34849,11101,15662
557,0500000US39103,"Medina County, Ohio",177821,106509,32299,18581
558,0500000US39109,"Miami County, Ohio",105825,61263,20334,18820
559,0500000US39113,"Montgomery County, Ohio",512997,305282,93643,127572
560,0500000US39119,"Muskingum County, Ohio",82684,50311,15537,21076
561,0500000US39133,"Portage County, Ohio",154441,97793,27389,32048
562,0500000US39139,"Richland County, Ohio",113846,65999,22337,26687
563,0500000US39141,"Ross County, Ohio",71021,42184,12499,17896
564,0500000US39145,"Scioto County, Ohio",71851,42621,13064,23241
565,0500000US39151,"Stark County, Ohio",360332,213883,70218,74605
566,0500000US39153,"Summit County, Ohio",530656,323437,97465,113575
567,0500000US39155,"Trumbull County, Ohio",194413,112499,42095,51098
568,0500000US39157,"Tuscarawas County, Ohio",90515,52162,17959,21860
569,0500000US39165,"Warren County, Ohio",226269,136367,33653,17506
570,0500000US39169,"Wayne County, Ohio",111588,63669,20551,21492
571,0500000US39173,"Wood County, Ohio",124100,78604,19612,22694
572,0500000US40017,"Canadian County, Oklahoma",145474,88257,19427,22416
573,0500000US40027,"Cleveland County, Oklahoma",273675,175501,38865,48909
574,0500000US40031,"Comanche County, Oklahoma",111487,70698,13767,32713
575,0500000US40037,"Creek County, Oklahoma",70464,41286,12713,15607
576,0500000US40101,"Muskogee County, Oklahoma",64107,36754,10910,23969
577,0500000US40109,"Oklahoma County, Oklahoma",782342,472520,109582,195595
578,0500000US40119,"Payne County, Oklahoma",72887,46695,11119,25788
579,0500000US40125,"Pottawatomie County, Oklahoma",69508,41091,11580,16408
580,0500000US40131,"Rogers County, Oklahoma",90886,55159,14647,15366
581,0500000US40143,"Tulsa County, Oklahoma",641445,386779,93981,152717
582,0500000US40145,"Wagoner County, Oklahoma",80634,48097,13482,12664
583,0500000US41003,"Benton County, Oregon",87493,57818,14965,19847
584,0500000US41005,"Clackamas County, Oregon",415588,250736,77576,53268
585,0500000US41017,"Deschutes County, Oregon",195748,117554,40388,29256
586,0500000US41019,"Douglas County, Oregon",110041,59842,29132,22983
587,0500000US41029,"Jackson County, Oregon",218174,123648,50852,52116
588,0500000US41033,"Josephine County, Oregon",84990,47392,22814,27697
589,0500000US41035,"Klamath County, Oregon",67605,38532,14723,18132
590,0500000US41039,"Lane County, Oregon",374921,231194,75759,83490
591,0500000US41043,"Linn County, Oregon",127316,75808,24494,27865
592,0500000US41047,"Marion County, Oregon",338861,201135,55231,73068
593,0500000US41051,"Multnomah County, Oregon",798137,540498,110533,149478
594,0500000US41053,"Polk County, Oregon",84436,49564,15670,10475
595,0500000US41059,"Umatilla County, Oregon",73370,41986,12054,18743
596,0500000US41067,"Washington County, Oregon",594108,379419,82610,80187
597,0500000US41071,"Yamhill County, Oregon",101774,60655,18294,18111
598,0500000US42001,"Adams County, Pennsylvania",98783,58213,20930,14422
599,0500000US42003,"Allegheny County, Pennsylvania",1184108,733787,228077,195454
600,0500000US42005,"Armstrong County, Pennsylvania",64029,37496,14239,12277
601,0500000US42007,"Beaver County, Pennsylvania",161388,94852,35559,29284
602,0500000US42011,"Berks County, Pennsylvania",407582,244163,71900,69254
603,0500000US42013,"Blair County, Pennsylvania",118813,70221,24552,28513
604,0500000US42017,"Bucks County, Pennsylvania",619209,377223,117521,58808
605,0500000US42019,"Butler County, Pennsylvania",182415,110554,35449,24531
606,0500000US42021,"Cambria County, Pennsylvania",123948,70474,29348,29463
607,0500000US42025,"Carbon County, Pennsylvania",62852,38262,13335,8369
608,0500000US42027,"Centre County, Pennsylvania",144042,97708,23156,34350
609,0500000US42029,"Chester County, Pennsylvania",512854,310625,85360,49831
610,0500000US42033,"Clearfield County, Pennsylvania",73259,43268,15874,18286
611,0500000US42037,"Columbia County, Pennsylvania",60769,36982,12548,13352
612,0500000US42039,"Crawford County, Pennsylvania",81137,46374,17843,19531
613,0500000US42041,"Cumberland County, Pennsylvania",239536,143429,45528,27289
614,0500000US42043,"Dauphin County, Pennsylvania",273859,164872,47181,56593
615,0500000US42045,"Delaware County, Pennsylvania",546114,331945,91624,84456
616,0500000US42049,"Erie County, Pennsylvania",256304,153144,47966,66605
617,0500000US42051,"Fayette County, Pennsylvania",124170,74385,26628,32791
618,0500000US42055,"Franklin County, Pennsylvania",152960,88814,30457,25586
619,0500000US42063,"Indiana County, Pennsylvania",78753,47596,16232,18484
620,0500000US42069,"Lackawanna County, Pennsylvania",201705,119386,40354,48423
621,0500000US42071,"Lancaster County, Pennsylvania",532688,311340,96155,88313
622,0500000US42073,"Lawrence County, Pennsylvania",83400,48327,18469,18038
623,0500000US42075,"Lebanon County, Pennsylvania",138363,81094,26079,27678
624,0500000US42077,"Lehigh County, Pennsylvania",358196,216509,59796,75121
625,0500000US42079,"Luzerne County, Pennsylvania",305187,183674,60166,76936
626,0500000US42081,"Lycoming County, Pennsylvania",106514,62615,21702,25064
627,0500000US42085,"Mercer County, Pennsylvania",101924,58734,23785,20877
628,0500000US42089,"Monroe County, Pennsylvania",167961,105823,29409,31060
629,0500000US42091,"Montgomery County, Pennsylvania",809780,488450,144905,72830
630,0500000US42095,"Northampton County, Pennsylvania",294507,177276,57965,39172
631,0500000US42097,"Northumberland County, Pennsylvania",86069,50578,18693,18432
632,0500000US42101,"Philadelphia County, Pennsylvania",1539312,991221,214606,528232
633,0500000US42107,"Schuylkill County, Pennsylvania",133516,78429,27946,27659
634,0500000US42111,"Somerset County, Pennsylvania",67883,38611,16207,14331
635,0500000US42125,"Washington County, Pennsylvania",201112,119166,42614,32390
636,0500000US42129,"Westmoreland County, Pennsylvania",342053,200163,78998,56998
637,0500000US42133,"York County, Pennsylvania",438490,263887,78837,68320
638,0500000US44003,"Kent County, Rhode Island",162863,102469,31122,19316
639,0500000US44005,"Newport County, Rhode Island",78448,47139,18577,9942
640,0500000US44007,"Providence County, Rhode Island",611923,388560,94814,127004
641,0500000US44009,"Washington County, Rhode Island",120313,73431,26503,13865
642,0500000US45003,"Aiken County, South Carolina",168051,99077,32653,36101
643,0500000US45007,"Anderson County, South Carolina",199326,118532,36415,47848
644,0500000US45013,"Beaufort County, South Carolina",187618,99644,53405,37758
645,0500000US45015,"Berkeley County, South Carolina",223674,139062,31410,42888
646,0500000US45019,"Charleston County, South Carolina",399111,251347,68375,69171
647,0500000US45031,"Darlington County, South Carolina",65429,38214,12602,22055
648,0500000US45035,"Dorchester County, South Carolina",159709,98303,23621,22837
649,0500000US45041,"Florence County, South Carolina",135090,80102,23331,34740
650,0500000US45045,"Greenville County, South Carolina",511083,310286,82864,92907
651,0500000US45047,"Greenwood County, South Carolina",67664,38812,13756,21597
652,0500000US45051,"Horry County, South Carolina",348018,199132,87980,78615
653,0500000US45055,"Kershaw County, South Carolina",66319,38759,12210,14820
654,0500000US45057,"Lancaster County, South Carolina",94181,54488,20496,18959
655,0500000US45059,"Laurens County, South Carolina",65292,39114,11698,18254
656,0500000US45063,"Lexington County, South Carolina",294896,180110,47536,66919
657,0500000US45073,"Oconee County, South Carolina",78693,44115,18722,17822
658,0500000US45075,"Orangeburg County, South Carolina",83292,47247,16981,30960
659,0500000US45077,"Pickens County, South Carolina",120492,75860,21244,31699
660,0500000US45079,"Richland County, South Carolina",384013,243363,54266,95052
661,0500000US45083,"Spartanburg County, South Carolina",311193,188478,50664,65718
662,0500000US45085,"Sumter County, South Carolina",104585,61742,17542,28156
663,0500000US45091,"York County, South Carolina",275870,168448,41519,43906
664,0500000US46099,"Minnehaha County, South Dakota",187796,114641,25588,28792
665,0500000US46103,"Pennington County, South Dakota",110568,64108,21127,22300
666,0500000US47001,"Anderson County, Tennessee",75163,44131,15774,20269
667,0500000US47009,"Blount County, Tennessee",130774,76660,27629,25267
668,0500000US47011,"Bradley County, Tennessee",104191,63171,18153,23808
669,0500000US47037,"Davidson County, Tennessee",672007,446786,85524,136284
670,0500000US47059,"Greene County, Tennessee",66862,39267,14567,19986
671,0500000US47065,"Hamilton County, Tennessee",357676,218688,63490,75217
672,0500000US47093,"Knox County, Tennessee",458947,287396,74337,99297
673,0500000US47113,"Madison County, Tennessee",93946,56057,16654,26233
674,0500000US47119,"Maury County, Tennessee",95347,57609,15376,12838
675,0500000US47125,"Montgomery County, Tennessee",203551,129427,19727,49516
676,0500000US47141,"Putnam County, Tennessee",76568,47939,13080,19671
677,0500000US47147,"Robertson County, Tennessee",70795,43054,11013,12195
678,0500000US47149,"Rutherford County, Tennessee",326412,210876,35410,54432
679,0500000US47155,"Sevier County, Tennessee",96564,57525,19723,22804
680,0500000US47157,"Shelby County, Tennessee",919944,562843,128717,244729
681,0500000US47163,"Sullivan County, Tennessee",155948,91900,34552,36092
682,0500000US47165,"Sumner County, Tennessee",188964,114874,30166,28767
683,0500000US47179,"Washington County, Tennessee",124419,78202,22690,32112
684,0500000US47187,"Williamson County, Tennessee",236080,142185,31902,19981
685,0500000US47189,"Wilson County, Tennessee",143013,86615,22655,18759
686,0500000US48005,"Angelina County, Texas",84731,48619,14067,23205
687,0500000US48021,"Bastrop County, Texas",86362,50975,13308,22408
688,0500000US48027,"Bell County, Texas",349678,212078,39202,92548
689,0500000US48029,"Bexar County, Texas",1970010,1227416,243404,484048
690,0500000US48037,"Bowie County, Texas",87044,50073,15052,22984
691,0500000US48039,"Brazoria County, Texas",362423,221929,43248,47571
692,0500000US48041,"Brazos County, Texas",212908,145380,21011,58496
693,0500000US48061,"Cameron County, Texas",421078,237318,57570,173608
694,0500000US48085,"Collin County, Texas",1027126,648686,115204,126098
695,0500000US48091,"Comal County, Texas",154833,92661,27792,18260
696,0500000US48099,"Coryell County, Texas",60637,36015,7938,12504
697,0500000US48113,"Dallas County, Texas",2606870,1646304,286248,646924
698,0500000US48121,"Denton County, Texas",873376,568834,92919,93980
699,0500000US48135,"Ector County, Texas",164284,99123,15539,30354
700,0500000US48139,"Ellis County, Texas",182663,111932,22780,23363
701,0500000US48141,"El Paso County, Texas",824034,498365,103458,254526
702,0500000US48157,"Fort Bend County, Texas",805030,491314,93481,102918
703,0500000US48167,"Galveston County, Texas",336418,204615,50020,63307
704,0500000US48181,"Grayson County, Texas",133208,77441,24743,28567
705,0500000US48183,"Gregg County, Texas",119555,69613,18544,32468
706,0500000US48187,"Guadalupe County, Texas",164352,101140,22802,26967
707,0500000US48201,"Harris County, Texas",4668155,2927726,507050,1202026
708,0500000US48203,"Harrison County, Texas",64864,37192,11644,17427
709,0500000US48209,"Hays County, Texas",220988,145190,25341,41448
710,0500000US48213,"Henderson County, Texas",81322,45703,18945,23649
711,0500000US48215,"Hidalgo County, Texas",858187,483370,97227,357648
712,0500000US48231,"Hunt County, Texas",95857,57736,14850,27061
713,0500000US48245,"Jefferson County, Texas",234226,142800,34311,59966
714,0500000US48251,"Johnson County, Texas",173152,103232,24410,35526
715,0500000US48257,"Kaufman County, Texas",134190,80534,16496,27132
716,0500000US48291,"Liberty County, Texas",81227,45146,12280,21651
717,0500000US48303,"Lubbock County, Texas",298235,187935,37726,86556
718,0500000US48309,"McLennan County, Texas",247000,148383,36674,75477
719,0500000US48329,"Midland County, Texas",174950,106224,17967,27613
720,0500000US48339,"Montgomery County, Texas",604280,366438,80370,96208
721,0500000US48347,"Nacogdoches County, Texas",59622,35517,9337,17667
722,0500000US48355,"Nueces County, Texas",354426,213698,53541,88526
723,0500000US48361,"Orange County, Texas",82303,48768,13213,14956
724,0500000US48367,"Parker County, Texas",139997,83074,22085,22929
725,0500000US48375,"Potter County, Texas",110843,64335,14819,40318
726,0500000US48381,"Randall County, Texas",134443,80914,21568,19996
727,0500000US48397,"Rockwall County, Texas",104255,63879,12480,7157
728,0500000US48409,"San Patricio County, Texas",65525,38264,10005,18132
729,0500000US48423,"Smith County, Texas",227168,132714,38633,50669
730,0500000US48439,"Tarrant County, Texas",2073147,1293917,239526,406607
731,0500000US48441,"Taylor County, Texas",131530,78471,19606,32113
732,0500000US48451,"Tom Green County, Texas",113100,67646,17670,23578
733,0500000US48453,"Travis County, Texas",1245110,852240,126654,212348
734,0500000US48469,"Victoria County, Texas",90376,53686,14492,22147
735,0500000US48471,"Walker County, Texas",58325,38769,8949,16979
736,0500000US48479,"Webb County, Texas",273276,157805,26815,94028
737,0500000US48485,"Wichita County, Texas",118998,71359,18556,25978
738,0500000US48491,"Williamson County, Texas",585978,366146,72170,58166
739,0500000US48497,"Wise County, Texas",68873,41975,9668,9411
740,0500000US49005,"Cache County, Utah",125154,74566,12388,32141
741,0500000US49011,"Davis County, Utah",352762,204508,36309,35726
742,0500000US49035,"Salt Lake County, Utah",1145934,711359,129191,164270
743,0500000US49045,"Tooele County, Utah",71835,42059,6675,9405
744,0500000US49049,"Utah County, Utah",620907,363725,49998,113656
745,0500000US49053,"Washington County, Utah",175008,92477,38831,33090
746,0500000US49057,"Weber County, Utah",257339,155612,30034,33055
747,0500000US50007,"Chittenden County, Vermont",154032,100571,25425,24642
748,0500000US51003,"Albemarle County, Virginia",102175,60156,20865,10361
749,0500000US51013,"Arlington County, Virginia",233464,165211,25504,26449
750,0500000US51015,"Augusta County, Virginia",70290,41146,16627,7990
751,0500000US51019,"Bedford County, Virginia",78236,45621,17052,14681
752,0500000US51041,"Chesterfield County, Virginia",347984,213152,53859,41263
753,0500000US51059,"Fairfax County, Virginia",1136115,713293,159143,118700
754,0500000US51061,"Fauquier County, Virginia",70947,42591,11905,7803
755,0500000US51069,"Frederick County, Virginia",87865,52101,15849,10365
756,0500000US51085,"Hanover County, Virginia",105886,63562,19457,10612
757,0500000US51087,"Henrico County, Virginia",327970,201704,52688,48135
758,0500000US51095,"James City County, Virginia",75799,41000,19829,6912
759,0500000US51107,"Loudoun County, Virginia",411162,257446,39752,28388
760,0500000US51121,"Montgomery County, Virginia",88935,62664,12559,26148
761,0500000US51153,"Prince William County, Virginia",464334,292613,48300,50836
762,0500000US51161,"Roanoke County, Virginia",91835,53259,20221,10042
763,0500000US51165,"Rockingham County, Virginia",80111,46593,15811,13052
764,0500000US51177,"Spotsylvania County, Virginia",135189,82355,19707,14844
765,0500000US51179,"Stafford County, Virginia",148352,93228,16204,15380
766,0500000US51199,"York County, Virginia",66366,39493,10944,5802
767,0500000US51510,"Alexandria city, Virginia",157636,111670,18106,21258
768,0500000US51550,"Chesapeake city, Virginia",238736,148446,32449,32571
769,0500000US51650,"Hampton city, Virginia",129153,80700,21167,28373
770,0500000US51680,"Lynchburg city, Virginia",72374,46048,10963,18855
771,0500000US51700,"Newport News city, Virginia",170897,105791,23799,39164
772,0500000US51710,"Norfolk city, Virginia",217451,143289,27568,60616
773,0500000US51740,"Portsmouth city, Virginia",90257,55093,13946,24009
774,0500000US51760,"Richmond city, Virginia",219742,150406,31028,64945
775,0500000US51770,"Roanoke city, Virginia",97441,60485,15758,29489
776,0500000US51800,"Suffolk city, Virginia",91512,56138,13586,13647
777,0500000US51810,"Virginia Beach city, Virginia",440582,277067,65405,55136
778,0500000US53005,"Benton County, Washington",202390,118687,30735,36235
779,0500000US53007,"Chelan County, Washington",76110,43843,14352,15717
780,0500000US53009,"Clallam County, Washington",75805,40245,23259,17321
781,0500000US53011,"Clark County, Washington",483997,293510,77601,73124
782,0500000US53015,"Cowlitz County, Washington",108899,63964,20575,23209
783,0500000US53021,"Franklin County, Washington",92844,53280,8592,26080
784,0500000US53025,"Grant County, Washington",96396,55106,13182,30685
785,0500000US53027,"Grays Harbor County, Washington",71874,40358,16472,13033
786,0500000US53029,"Island County, Washington",82344,46788,20417,10076
787,0500000US53033,"King County, Washington",2221060,1476959,297997,268390
788,0500000US53035,"Kitsap County, Washington",262465,159847,49185,35049
789,0500000US53041,"Lewis County, Washington",79399,45639,17136,15611
790,0500000US53045,"Mason County, Washington",65650,37098,15661,12077
791,0500000US53053,"Pierce County, Washington",886807,554686,126360,130375
792,0500000US53057,"Skagit County, Washington",125891,72724,27590,23754
793,0500000US53061,"Snohomish County, Washington",809934,516587,112073,90076
794,0500000US53063,"Spokane County, Washington",507100,310733,84625,110760
795,0500000US53067,"Thurston County, Washington",286442,175661,50550,48238
796,0500000US53073,"Whatcom County, Washington",223451,139404,41320,42866
797,0500000US53077,"Yakima County, Washington",247015,139927,34757,74508
798,0500000US54003,"Berkeley County, West Virginia",115470,73781,17730,23199
799,0500000US54011,"Cabell County, West Virginia",88407,53397,17095,25634
800,0500000US54033,"Harrison County, West Virginia",66000,39437,12540,13154
801,0500000US54039,"Kanawha County, West Virginia",175212,103594,36915,47850
802,0500000US54061,"Monongalia County, West Virginia",99536,68523,13886,29920
803,0500000US54081,"Raleigh County, West Virginia",70498,40308,15170,22024
804,0500000US54107,"Wood County, West Virginia",82497,48503,16903,21358
805,0500000US55009,"Brown County, Wisconsin",257619,155190,40519,39857
806,0500000US55025,"Dane County, Wisconsin",532517,347737,76000,72977
807,0500000US55027,"Dodge County, Wisconsin",84519,50940,15256,11661
808,0500000US55035,"Eau Claire County, Wisconsin",100167,63622,16421,14720
809,0500000US55039,"Fond du Lac County, Wisconsin",100086,60091,19164,11021
810,0500000US55055,"Jefferson County, Wisconsin",81644,49289,14756,9398
811,0500000US55059,"Kenosha County, Wisconsin",165510,103410,23808,31743
812,0500000US55063,"La Crosse County, Wisconsin",113216,70690,19617,20725
813,0500000US55071,"Manitowoc County, Wisconsin",78244,45625,16678,11839
814,0500000US55073,"Marathon County, Wisconsin",134455,79408,24186,19275
815,0500000US55079,"Milwaukee County, Wisconsin",923498,574304,129025,246353
816,0500000US55087,"Outagamie County, Wisconsin",184311,113487,27876,26692
817,0500000US55089,"Ozaukee County, Wisconsin",87209,50695,17580,6688
818,0500000US55097,"Portage County, Wisconsin",66906,42607,12059,13903
819,0500000US55101,"Racine County, Wisconsin",190703,114130,32369,40412
820,0500000US55105,"Rock County, Wisconsin",158482,96677,26702,29034
821,0500000US55109,"St. Croix County, Wisconsin",89989,54903,12850,10255
822,0500000US55117,"Sheboygan County, Wisconsin",112503,67173,20381,16326
823,0500000US55127,"Walworth County, Wisconsin",101284,61404,18960,16075
824,0500000US55131,"Washington County, Wisconsin",134775,80880,25176,11612
825,0500000US55133,"Waukesha County, Wisconsin",399198,237575,76516,31098
826,0500000US55139,"Winnebago County, Wisconsin",164592,101619,28288,31184
827,0500000US55141,"Wood County, Wisconsin",72408,41691,15165,13385
828,0500000US56021,"Laramie County, Wyoming",96763,58352,16390,15453
829,0500000US56025,"Natrona County, Wyoming",78004,46878,12212,12498
830,0500000US72013,"Arecibo Municipio, Puerto Rico",81406,48930,18175,55530
831,0500000US72021,"Bayam√≥n Municipio, Puerto Rico",164649,98621,37834,78769
832,0500000US72025,"Caguas Municipio, Puerto Rico",124148,76112,25954,63250
833,0500000US72031,"Carolina Municipio, Puerto Rico",146282,87763,33727,71873
834,0500000US72061,"Guaynabo Municipio, Puerto Rico",83386,51285,19340,29977
835,0500000US72097,"Mayag√ºez Municipio, Puerto Rico",70715,41168,17666,49008
836,0500000US72113,"Ponce Municipio, Puerto Rico",129026,74860,29700,87058
837,0500000US72127,"San Juan Municipio, Puerto Rico",312498,186033,73263,168949
838,0500000US72135,"Toa Alta Municipio, Puerto Rico",71897,47567,10701,32040
839,0500000US72137,"Toa Baja Municipio, Puerto Rico",73953,45694,15036,44136
840,0500000US72139,"Trujillo Alto Municipio, Puerto Rico",63434,39351,12599,24794
