,GEO_ID,NAME,afr_amer,amer_ind,asian,latino,white,tot_pop
1,0500000US01003,"Baldwin County, Alabama",18338,2428,2160,10534,190912,223234
2,0500000US01015,"Calhoun County, Alabama",25226,201,225,4614,82323,113605
3,0500000US01043,"Cullman County, Alabama",0,0,0,3752,0,83768
4,0500000US01049,"DeKalb County, Alabama",688,792,17,10775,59305,71513
5,0500000US01051,"Elmore County, Alabama",17768,204,884,2563,61634,81209
6,0500000US01055,"Etowah County, Alabama",16040,290,796,4230,79988,102268
7,0500000US01069,"Houston County, Alabama",29736,93,946,3632,71582,105882
8,0500000US01073,"Jefferson County, Alabama",285001,1846,11523,26873,341788,658573
9,0500000US01077,"Lauderdale County, Alabama",10533,224,117,2652,79178,92729
10,0500000US01081,"Lee County, Alabama",37396,586,7191,6092,116738,164542
11,0500000US01083,"Limestone County, Alabama",13999,435,1695,6149,77744,98915
12,0500000US01089,"Madison County, Alabama",92197,2331,10309,19351,250321,372909
13,0500000US01095,"Marshall County, Alabama",3820,71,593,14272,90252,96774
14,0500000US01097,"Mobile County, Alabama",150159,2915,7779,12443,240449,413210
15,0500000US01101,"Montgomery County, Alabama",132115,816,7273,8344,78586,226486
16,0500000US01103,"Morgan County, Alabama",0,0,0,10465,0,119679
17,0500000US01115,"St. Clair County, Alabama",0,0,0,619,0,89512
18,0500000US01117,"Shelby County, Alabama",27252,1555,4070,12635,173941,217702
19,0500000US01121,"Talladega County, Alabama",26486,385,413,1913,50787,79978
20,0500000US01125,"Tuscaloosa County, Alabama",68660,87,3491,8308,134432,209355
21,0500000US01127,"Walker County, Alabama",0,0,0,1681,0,63521
22,0500000US02020,"Anchorage Municipality, Alaska",15207,25556,25976,26992,180389,288000
23,0500000US02090,"Fairbanks North Star Borough, Alaska",3962,8955,3173,7939,73145,96849
24,0500000US02170,"Matanuska-Susitna Borough, Alaska",1699,8489,1681,5613,88690,108317
25,0500000US04001,"Apache County, Arizona",721,53480,160,4736,15109,71887
26,0500000US04003,"Cochise County, Arizona",6163,1006,2795,44988,108177,125922
27,0500000US04005,"Coconino County, Arizona",1364,37187,2730,20542,91649,143476
28,0500000US04013,"Maricopa County, Arizona",266128,93358,192301,1408855,3547155,4485414
29,0500000US04015,"Mohave County, Arizona",1496,4358,1923,35919,188756,212181
30,0500000US04017,"Navajo County, Arizona",1309,50892,193,12742,51262,110924
31,0500000US04019,"Pima County, Arizona",38343,40603,29276,395446,795391,1047279
32,0500000US04021,"Pinal County, Arizona",21264,25035,6642,142276,366928,462789
33,0500000US04025,"Yavapai County, Arizona",2020,4526,2543,34642,209030,235099
34,0500000US04027,"Yuma County, Arizona",3244,2900,2388,138130,189117,213787
35,0500000US05007,"Benton County, Arkansas",4371,4314,10818,47630,243511,279141
36,0500000US05031,"Craighead County, Arkansas",18031,188,1527,5793,86310,110332
37,0500000US05045,"Faulkner County, Arkansas",15337,194,1401,5276,104065,126007
38,0500000US05051,"Garland County, Arkansas",8275,849,951,5900,86188,99386
39,0500000US05069,"Jefferson County, Arkansas",0,0,0,1130,0,66824
40,0500000US05085,"Lonoke County, Arkansas",0,0,0,3350,0,73309
41,0500000US05119,"Pulaski County, Arkansas",147026,1365,8522,24494,216942,391911
42,0500000US05125,"Saline County, Arkansas",9375,246,1747,6292,107328,122437
43,0500000US05131,"Sebastian County, Arkansas",8891,1031,5647,18863,92977,127827
44,0500000US05143,"Washington County, Arkansas",9389,2251,6116,40999,188340,239187
45,0500000US05145,"White County, Arkansas",4524,768,0,3501,71325,78753
46,0500000US06001,"Alameda County, California",178246,12648,520313,373055,649209,1671329
47,0500000US06007,"Butte County, California",3984,2333,10365,37731,175765,219186
48,0500000US06013,"Contra Costa County, California",101590,5863,205366,300420,600481,1153526
49,0500000US06017,"El Dorado County, California",1644,2540,10114,25378,167011,192843
50,0500000US06019,"Fresno County, California",47391,13588,104859,537180,638792,999101
51,0500000US06023,"Humboldt County, California",2059,7073,3525,16354,106738,135558
52,0500000US06025,"Imperial County, California",3979,3791,2589,154088,125807,181215
53,0500000US06029,"Kern County, California",46432,8906,42066,491545,645240,900202
54,0500000US06031,"Kings County, California",8635,2804,5104,84514,115128,152940
55,0500000US06033,"Lake County, California",1247,2540,499,14171,50669,64386
56,0500000US06037,"Los Angeles County, California",811176,81491,1474713,4881970,5234081,10039107
57,0500000US06039,"Madera County, California",4138,1810,3838,92484,107073,157327
58,0500000US06041,"Marin County, California",7058,1534,16663,42160,204109,258826
59,0500000US06045,"Mendocino County, California",823,4610,1954,22379,73467,86749
60,0500000US06047,"Merced County, California",9337,2821,20581,169442,141038,277680
61,0500000US06053,"Monterey County, California",12231,2057,26860,257721,196483,434061
62,0500000US06055,"Napa County, California",3314,815,11552,47661,101380,137744
63,0500000US06057,"Nevada County, California",310,487,1243,9731,92832,99755
64,0500000US06059,"Orange County, California",55517,12961,672223,1081091,1881453,3175692
65,0500000US06061,"Placer County, California",7771,2238,32784,57381,329697,398329
66,0500000US06065,"Riverside County, California",163542,20934,172785,1236032,1478117,2470546
67,0500000US06067,"Sacramento County, California",148840,11004,250836,366764,859356,1552058
68,0500000US06071,"San Bernardino County, California",181122,17061,160336,1186808,1351926,2180085
69,0500000US06073,"San Diego County, California",164475,23116,404836,1140033,2368310,3338330
70,0500000US06075,"San Francisco County, California",48225,3568,307649,134309,398662,881549
71,0500000US06077,"San Joaquin County, California",52493,4831,123090,320334,431364,762148
72,0500000US06079,"San Luis Obispo County, California",5107,3475,11041,64860,242058,283111
73,0500000US06081,"San Mateo County, California",17625,3330,230398,183978,381129,766573
74,0500000US06083,"Santa Barbara County, California",9809,5079,25843,205536,343029,446499
75,0500000US06085,"Santa Clara County, California",49308,8607,726712,482298,870226,1927852
76,0500000US06087,"Santa Cruz County, California",4743,1460,14422,92921,210821,273213
77,0500000US06089,"Shasta County, California",1878,4027,6316,18936,154887,180080
78,0500000US06095,"Solano County, California",61052,2450,69555,122103,240947,447643
79,0500000US06097,"Sonoma County, California",7410,4392,20748,134954,364751,494336
80,0500000US06099,"Stanislaus County, California",16542,4230,32487,262068,442681,550660
81,0500000US06101,"Sutter County, California",1793,906,15955,30906,65941,96971
82,0500000US06103,"Tehama County, California",224,472,1166,16776,55148,65084
83,0500000US06107,"Tulare County, California",6811,7103,16248,305824,314748,466195
84,0500000US06111,"Ventura County, California",15510,5745,63728,365835,678174,846006
85,0500000US06113,"Yolo County, California",6192,2204,32179,70392,158079,220500
86,0500000US06115,"Yuba County, California",2677,494,4235,22925,62576,78668
87,0500000US08001,"Adams County, Colorado",18728,4884,20608,211139,410925,517421
88,0500000US08005,"Arapahoe County, Colorado",73012,5086,41348,129681,467262,656590
89,0500000US08013,"Boulder County, Colorado",3897,1000,16360,45579,291979,326196
90,0500000US08014,"Broomfield County, Colorado",1019,300,5048,8964,60615,70465
91,0500000US08031,"Denver County, Colorado",62853,4596,26532,212983,561365,727211
92,0500000US08035,"Douglas County, Colorado",6114,1679,18465,32066,309421,351154
93,0500000US08041,"El Paso County, Colorado",45784,6960,20001,127746,570068,720403
94,0500000US08059,"Jefferson County, Colorado",6943,4885,15706,90862,526137,582881
95,0500000US08069,"Larimer County, Colorado",3423,3996,7187,42526,324847,356899
96,0500000US08077,"Mesa County, Colorado",836,1144,1634,22846,145148,154210
97,0500000US08101,"Pueblo County, Colorado",4327,6434,1435,72728,137775,168424
98,0500000US08123,"Weld County, Colorado",4242,3074,4719,97348,284067,324492
99,0500000US09001,"Fairfield County, Connecticut",114682,984,50380,193772,678975,943332
100,0500000US09003,"Hartford County, Connecticut",120195,3150,51618,167274,609205,891720
101,0500000US09005,"Litchfield County, Connecticut",2863,336,4049,12799,166674,180333
102,0500000US09007,"Middlesex County, Connecticut",10074,392,5148,10652,139811,162436
103,0500000US09009,"New Haven County, Connecticut",122987,1570,34348,163616,613987,854757
104,0500000US09011,"New London County, Connecticut",17205,2383,11608,29443,213621,265206
105,0500000US09013,"Tolland County, Connecticut",5462,103,7552,8861,131854,150721
106,0500000US09015,"Windham County, Connecticut",3277,134,1690,14537,106101,116782
107,0500000US10001,"Kent County, Delaware",46829,1801,2977,13410,118702,180786
108,0500000US10003,"New Castle County, Delaware",143765,1780,30276,58200,351478,558753
109,0500000US10005,"Sussex County, Delaware",28824,772,3339,21780,189539,234225
110,0500000US11001,"District of Columbia, District of Columbia",320704,1886,28722,79477,300058,705749
111,0500000US12001,"Alachua County, Florida",51376,711,15637,28221,182396,269043
112,0500000US12005,"Bay County, Florida",17297,342,4001,11637,141875,174705
113,0500000US12009,"Brevard County, Florida",53058,1596,15018,65612,493588,601942
114,0500000US12011,"Broward County, Florida",562835,4803,73124,606982,1180665,1952778
115,0500000US12015,"Charlotte County, Florida",10244,834,2523,14591,168816,188910
116,0500000US12017,"Citrus County, Florida",5014,548,2561,9166,137716,149657
117,0500000US12019,"Clay County, Florida",26746,461,6353,22855,170593,219252
118,0500000US12021,"Collier County, Florida",26105,322,6029,109937,341750,384902
119,0500000US12023,"Columbia County, Florida",13130,149,1288,4837,55009,71686
120,0500000US12031,"Duval County, Florida",285600,3571,45052,100736,560489,957755
121,0500000US12033,"Escambia County, Florida",70833,841,7999,18894,215114,318316
122,0500000US12035,"Flagler County, Florida",10232,360,3523,12507,94443,115081
123,0500000US12053,"Hernando County, Florida",11013,371,1931,28776,169692,193920
124,0500000US12055,"Highlands County, Florida",11765,54,1649,22409,89142,106221
125,0500000US12057,"Hillsborough County, Florida",255003,2528,60593,436896,1024028,1471968
126,0500000US12061,"Indian River County, Florida",15496,171,1688,20383,138076,159923
127,0500000US12069,"Lake County, Florida",39377,1047,7842,61388,298056,367118
128,0500000US12071,"Lee County, Florida",66440,1432,12761,173497,644360,770577
129,0500000US12073,"Leon County, Florida",92373,548,11072,19613,178573,293582
130,0500000US12081,"Manatee County, Florida",36200,569,8590,68094,343991,403253
131,0500000US12083,"Marion County, Florida",48342,1486,4194,51636,299730,365579
132,0500000US12085,"Martin County, Florida",7813,672,2398,22844,144003,161000
133,0500000US12086,"Miami-Dade County, Florida",456189,4788,42480,1886364,2053027,2716940
134,0500000US12087,"Monroe County, Florida",6291,82,1319,18800,63808,74228
135,0500000US12089,"Nassau County, Florida",5674,416,564,4164,78703,88625
136,0500000US12091,"Okaloosa County, Florida",17644,1017,6656,20532,162222,210738
137,0500000US12095,"Orange County, Florida",296070,4334,75180,455295,885765,1393452
138,0500000US12097,"Osceola County, Florida",45340,692,10167,209796,269428,375751
139,0500000US12099,"Palm Beach County, Florida",284114,5574,41879,349584,1083567,1496770
140,0500000US12101,"Pasco County, Florida",33988,1456,14880,91616,475775,553947
141,0500000US12103,"Pinellas County, Florida",98811,2496,33833,99408,791030,974996
142,0500000US12105,"Polk County, Florida",110868,3032,13001,178402,543681,724777
143,0500000US12107,"Putnam County, Florida",12245,485,547,7597,59972,74521
144,0500000US12109,"St. Johns County, Florida",15216,964,6379,19759,233178,264672
145,0500000US12111,"St. Lucie County, Florida",64013,1009,6945,65310,236472,328297
146,0500000US12113,"Santa Rosa County, Florida",11268,518,4445,10858,157163,184313
147,0500000US12115,"Sarasota County, Florida",18428,878,7194,41469,392685,433742
148,0500000US12117,"Seminole County, Florida",59469,2021,22594,105947,337829,471826
149,0500000US12119,"Sumter County, Florida",8298,1444,1546,7854,119040,132420
150,0500000US12127,"Volusia County, Florida",58899,946,10431,82949,435185,553284
151,0500000US12131,"Walton County, Florida",2908,731,0,4794,64977,74071
152,0500000US13013,"Barrow County, Georgia",10094,143,3227,10137,64541,83240
153,0500000US13015,"Bartow County, Georgia",11529,21,571,9867,90062,107738
154,0500000US13021,"Bibb County, Georgia",83244,0,3412,5348,60153,153159
155,0500000US13031,"Bulloch County, Georgia",22620,217,965,3376,51797,79608
156,0500000US13045,"Carroll County, Georgia",24670,581,1254,8629,88404,119992
157,0500000US13047,"Catoosa County, Georgia",0,0,0,1852,0,67580
158,0500000US13051,"Chatham County, Georgia",118414,993,7984,19336,149040,289430
159,0500000US13057,"Cherokee County, Georgia",19696,2545,4634,28607,220530,258773
160,0500000US13059,"Clarke County, Georgia",36161,28,5434,14117,80775,128331
161,0500000US13063,"Clayton County, Georgia",203719,103,14986,39195,49935,292256
162,0500000US13067,"Cobb County, Georgia",213192,3323,41478,101121,427108,760141
163,0500000US13073,"Columbia County, Georgia",26183,0,4693,11127,114364,156714
164,0500000US13077,"Coweta County, Georgia",27661,148,3526,10850,112588,148509
165,0500000US13089,"DeKalb County, Georgia",409327,11330,47162,64757,256943,759297
166,0500000US13095,"Dougherty County, Georgia",0,0,0,2688,0,87956
167,0500000US13097,"Douglas County, Georgia",70313,163,2444,14981,65461,146343
168,0500000US13113,"Fayette County, Georgia",28099,0,4796,8563,75067,114421
169,0500000US13115,"Floyd County, Georgia",12954,0,722,11416,75873,98498
170,0500000US13117,"Forsyth County, Georgia",9585,2330,35925,23606,182582,244252
171,0500000US13121,"Fulton County, Georgia",472625,2068,76786,76773,469465,1063937
172,0500000US13127,"Glynn County, Georgia",23597,539,672,5830,55984,85292
173,0500000US13135,"Gwinnett County, Georgia",266298,4271,113593,203623,429774,936250
174,0500000US13139,"Hall County, Georgia",13567,198,3757,59460,174994,204441
175,0500000US13151,"Henry County, Georgia",112316,92,7704,16983,106904,234561
176,0500000US13153,"Houston County, Georgia",49550,1437,6101,10357,91443,157863
177,0500000US13157,"Jackson County, Georgia",5157,0,1405,6153,61658,72977
178,0500000US13185,"Lowndes County, Georgia",44053,1076,1339,7015,64240,117406
179,0500000US13215,"Muscogee County, Georgia",91340,940,5734,15087,83333,195769
180,0500000US13217,"Newton County, Georgia",0,0,0,6802,0,111744
181,0500000US13223,"Paulding County, Georgia",31020,349,2404,11906,125701,168667
182,0500000US13245,"Richmond County, Georgia",114219,255,3628,10260,71738,202518
183,0500000US13247,"Rockdale County, Georgia",50986,136,1901,9519,33387,90896
184,0500000US13255,"Spalding County, Georgia",0,0,0,3320,0,66703
185,0500000US13285,"Troup County, Georgia",25464,213,1781,2609,40247,69922
186,0500000US13295,"Walker County, Georgia",4227,42,607,1223,64123,69761
187,0500000US13297,"Walton County, Georgia",17174,142,1793,4654,72825,94593
188,0500000US13313,"Whitfield County, Georgia",3641,414,1597,38014,93218,104628
189,0500000US15001,"Hawaii County, Hawaii",826,1628,47011,25999,66070,201513
190,0500000US15003,"Honolulu County, Hawaii",25241,3090,428277,97281,196270,974563
191,0500000US15007,"Kauai County, Hawaii",137,191,21926,8213,22554,72293
192,0500000US15009,"Maui County, Hawaii",719,1220,50627,19366,56312,167488
193,0500000US16001,"Ada County, Idaho",6795,3848,11196,41045,434358,481587
194,0500000US16005,"Bannock County, Idaho",729,2237,1826,7838,77618,87808
195,0500000US16019,"Bonneville County, Idaho",374,611,1866,15940,108330,119062
196,0500000US16027,"Canyon County, Idaho",1063,1567,2428,58947,181500,229849
197,0500000US16055,"Kootenai County, Idaho",340,1411,1971,8187,155439,165697
198,0500000US16083,"Twin Falls County, Idaho",0,0,0,14845,0,86878
199,0500000US17001,"Adams County, Illinois",0,0,0,1161,0,65435
200,0500000US17019,"Champaign County, Illinois",28368,341,22675,13117,149478,209689
201,0500000US17031,"Cook County, Illinois",1189794,16797,395599,1319283,2916176,5150233
202,0500000US17037,"DeKalb County, Illinois",7845,138,1958,12222,85417,104897
203,0500000US17043,"DuPage County, Illinois",45020,439,112874,134510,703358,922921
204,0500000US17089,"Kane County, Illinois",30388,2644,21614,172361,394664,532403
205,0500000US17091,"Kankakee County, Illinois",17177,152,709,11916,88698,109862
206,0500000US17093,"Kendall County, Illinois",10485,209,3238,25862,105348,128990
207,0500000US17097,"Lake County, Illinois",47300,2373,55381,156272,516918,696535
208,0500000US17099,"LaSalle County, Illinois",3359,0,875,11141,99522,108669
209,0500000US17111,"McHenry County, Illinois",4523,387,8788,42737,284113,307774
210,0500000US17113,"McLean County, Illinois",14048,141,8574,8862,143711,171517
211,0500000US17115,"Macon County, Illinois",18749,65,1209,2489,80607,104009
212,0500000US17119,"Madison County, Illinois",21887,709,3490,9035,229354,262966
213,0500000US17143,"Peoria County, Illinois",32993,81,7740,9057,129106,179179
214,0500000US17161,"Rock Island County, Illinois",15044,860,3082,18753,110742,141879
215,0500000US17163,"St. Clair County, Illinois",76052,790,3278,11216,167199,259686
216,0500000US17167,"Sangamon County, Illinois",25391,122,3902,4727,159527,194672
217,0500000US17179,"Tazewell County, Illinois",1433,45,1375,3237,126273,131803
218,0500000US17183,"Vermilion County, Illinois",10939,201,611,3982,61830,75758
219,0500000US17197,"Will County, Illinois",79657,1872,40123,125375,508306,690743
220,0500000US17199,"Williamson County, Illinois",3004,162,1189,1123,59900,66597
221,0500000US17201,"Winnebago County, Illinois",39076,522,7714,38180,221622,282572
222,0500000US18003,"Allen County, Indiana",42717,1316,17143,29356,294918,379299
223,0500000US18005,"Bartholomew County, Indiana",794,0,7136,6019,70685,83779
224,0500000US18011,"Boone County, Indiana",0,0,0,2157,0,67843
225,0500000US18019,"Clark County, Indiana",8933,330,1577,6704,103343,118302
226,0500000US18035,"Delaware County, Indiana",7186,114,1504,3004,101399,114135
227,0500000US18039,"Elkhart County, Indiana",12665,261,2540,34580,171592,206341
228,0500000US18043,"Floyd County, Indiana",3711,192,412,2765,70985,78522
229,0500000US18053,"Grant County, Indiana",4315,73,736,2898,57438,65769
230,0500000US18057,"Hamilton County, Indiana",14768,529,22574,14447,290443,338011
231,0500000US18059,"Hancock County, Indiana",0,0,0,2032,0,78168
232,0500000US18063,"Hendricks County, Indiana",12133,254,5902,7324,145389,170311
233,0500000US18067,"Howard County, Indiana",0,0,0,1338,0,82544
234,0500000US18081,"Johnson County, Indiana",3655,0,6277,5938,141559,158167
235,0500000US18085,"Kosciusko County, Indiana",1174,905,1178,6482,72911,79456
236,0500000US18089,"Lake County, Indiana",114497,2022,7771,95254,308076,485493
237,0500000US18091,"LaPorte County, Indiana",12032,318,737,7581,91110,109888
238,0500000US18095,"Madison County, Indiana",10864,328,678,5648,114100,129569
239,0500000US18097,"Marion County, Indiana",276376,3224,36356,105062,588751,964582
240,0500000US18105,"Monroe County, Indiana",4950,234,10784,5274,127639,148431
241,0500000US18109,"Morgan County, Indiana",0,0,0,967,0,70489
242,0500000US18127,"Porter County, Indiana",7268,357,2494,17718,154491,170389
243,0500000US18141,"St. Joseph County, Indiana",34920,1275,7243,24812,209652,271826
244,0500000US18157,"Tippecanoe County, Indiana",11376,602,15892,17063,157216,195732
245,0500000US18163,"Vanderburgh County, Indiana",17588,55,2824,5155,152831,181451
246,0500000US18167,"Vigo County, Indiana",7669,175,1808,3006,92535,107038
247,0500000US18177,"Wayne County, Indiana",2978,1329,1004,2130,58138,65884
248,0500000US19013,"Black Hawk County, Iowa",12952,108,2636,6023,109363,131228
249,0500000US19049,"Dallas County, Iowa",2699,0,4686,5847,84101,93453
250,0500000US19061,"Dubuque County, Iowa",3823,174,992,2560,89282,97311
251,0500000US19103,"Johnson County, Iowa",10895,427,9073,8711,122583,151140
252,0500000US19113,"Linn County, Iowa",12869,952,5685,7674,197713,226706
253,0500000US19153,"Polk County, Iowa",38150,1852,23959,42477,411634,490161
254,0500000US19155,"Pottawattamie County, Iowa",1961,477,1199,7392,87339,93206
255,0500000US19163,"Scott County, Iowa",13359,796,5315,12027,147627,172943
256,0500000US19169,"Story County, Iowa",3084,409,6628,3581,81815,97117
257,0500000US19193,"Woodbury County, Iowa",3993,2002,2760,17918,88218,103107
258,0500000US20015,"Butler County, Kansas",2395,298,1265,3443,61543,66911
259,0500000US20045,"Douglas County, Kansas",4299,2274,6936,7946,100869,122259
260,0500000US20091,"Johnson County, Kansas",28957,1003,31389,47723,510809,602401
261,0500000US20103,"Leavenworth County, Kansas",7093,867,1102,5940,68073,81758
262,0500000US20161,"Riley County, Kansas",2535,1466,3501,6272,61679,74232
263,0500000US20173,"Sedgwick County, Kansas",44165,4395,22311,77640,401414,516042
264,0500000US20177,"Shawnee County, Kansas",16522,1434,2180,22671,143014,176875
265,0500000US20209,"Wyandotte County, Kansas",36575,901,8747,49366,94177,165429
266,0500000US21015,"Boone County, Kentucky",2618,0,3807,5861,121911,133581
267,0500000US21029,"Bullitt County, Kentucky",0,0,0,1872,0,81676
268,0500000US21037,"Campbell County, Kentucky",2384,71,819,2023,87404,93584
269,0500000US21047,"Christian County, Kentucky",15715,351,1231,5731,49144,70461
270,0500000US21059,"Daviess County, Kentucky",2509,296,4736,3352,90670,101511
271,0500000US21067,"Fayette County, Kentucky",47878,708,13446,23960,237490,323152
272,0500000US21093,"Hardin County, Kentucky",13506,4,3063,6491,87590,110958
273,0500000US21111,"Jefferson County, Kentucky",171781,1302,22829,45355,546872,766757
274,0500000US21117,"Kenton County, Kentucky",6710,205,2219,5737,150351,166998
275,0500000US21145,"McCracken County, Kentucky",5307,724,727,1780,55310,65418
276,0500000US21151,"Madison County, Kentucky",3616,470,527,2468,84907,92987
277,0500000US21185,"Oldham County, Kentucky",3474,0,1133,2688,61450,66799
278,0500000US21227,"Warren County, Kentucky",11640,509,5895,7469,107619,132896
279,0500000US22005,"Ascension Parish, Louisiana",0,0,0,7543,0,126604
280,0500000US22015,"Bossier Parish, Louisiana",29422,831,2756,8760,90720,127039
281,0500000US22017,"Caddo Parish, Louisiana",119896,879,2944,6887,110929,240204
282,0500000US22019,"Calcasieu Parish, Louisiana",51058,133,3176,8351,141761,203436
283,0500000US22033,"East Baton Rouge Parish, Louisiana",207515,664,14095,19381,202115,440059
284,0500000US22045,"Iberia Parish, Louisiana",22861,74,1745,3005,41591,69830
285,0500000US22051,"Jefferson Parish, Louisiana",117383,2290,19571,64526,272355,432493
286,0500000US22055,"Lafayette Parish, Louisiana",65388,908,4521,11264,168574,244390
287,0500000US22057,"Lafourche Parish, Louisiana",13911,1937,550,4268,78421,97614
288,0500000US22063,"Livingston Parish, Louisiana",0,0,0,5719,0,140789
289,0500000US22071,"Orleans Parish, Louisiana",229418,1349,11049,21483,132595,390144
290,0500000US22073,"Ouachita Parish, Louisiana",57876,273,1127,3438,87618,153279
291,0500000US22079,"Rapides Parish, Louisiana",41183,283,1663,4194,82021,129648
292,0500000US22097,"St. Landry Parish, Louisiana",0,0,0,1940,0,82124
293,0500000US22103,"St. Tammany Parish, Louisiana",34215,2282,3616,15316,214124,260419
294,0500000US22105,"Tangipahoa Parish, Louisiana",0,0,0,5942,0,134758
295,0500000US22109,"Terrebonne Parish, Louisiana",21372,5533,1218,5666,77626,110461
296,0500000US23001,"Androscoggin County, Maine",3755,8,1039,2100,98890,108277
297,0500000US23003,"Aroostook County, Maine",651,1452,333,906,63388,67055
298,0500000US23005,"Cumberland County, Maine",10161,1027,6590,6367,269684,295003
299,0500000US23011,"Kennebec County, Maine",1802,132,574,2056,116835,122302
300,0500000US23019,"Penobscot County, Maine",1313,2101,1708,2236,142957,152148
301,0500000US23031,"York County, Maine",2374,1376,2314,3830,197350,207641
302,0500000US24001,"Allegany County, Maryland",5642,124,815,705,61563,70416
303,0500000US24003,"Anne Arundel County, Maryland",101926,1312,21617,48798,417915,579234
304,0500000US24005,"Baltimore County, Maryland",248401,2305,50514,48074,483230,827370
305,0500000US24009,"Calvert County, Maryland",11807,208,1448,4069,75277,92525
306,0500000US24013,"Carroll County, Maryland",6294,456,3332,6508,153803,168447
307,0500000US24015,"Cecil County, Maryland",7715,0,1859,4820,90092,102855
308,0500000US24017,"Charles County, Maryland",82621,182,5467,10211,66778,163257
309,0500000US24021,"Frederick County, Maryland",27065,963,12349,27367,206661,259547
310,0500000US24025,"Harford County, Maryland",36306,165,7299,12215,199416,255441
311,0500000US24027,"Howard County, Maryland",64061,1609,60235,23882,179563,325690
312,0500000US24031,"Montgomery County, Maryland",200076,4413,157335,210773,536605,1050688
313,0500000US24033,"Prince George's County, Maryland",561709,3262,37198,177727,145611,909327
314,0500000US24037,"St. Mary's County, Maryland",17644,102,2390,6342,87179,113510
315,0500000US24043,"Washington County, Maryland",18086,109,3125,8709,121625,151049
316,0500000US24045,"Wicomico County, Maryland",26744,785,3333,5743,67608,103609
317,0500000US24510,"Baltimore city, Maryland",371243,2206,15776,33652,179979,593490
318,0500000US25001,"Barnstable County, Massachusetts",6639,1590,2294,7235,194743,212990
319,0500000US25003,"Berkshire County, Massachusetts",3863,173,2121,6423,111686,124944
320,0500000US25005,"Bristol County, Massachusetts",28293,1814,13244,48567,474159,565217
321,0500000US25009,"Essex County, Massachusetts",35703,1863,28130,175535,609454,789034
322,0500000US25011,"Franklin County, Massachusetts",912,63,1030,2947,64622,70180
323,0500000US25013,"Hampden County, Massachusetts",41626,976,11951,122812,372569,466372
324,0500000US25015,"Hampshire County, Massachusetts",3331,196,9022,9430,139472,160830
325,0500000US25017,"Middlesex County, Massachusetts",87408,4257,199515,134172,1213313,1611699
326,0500000US25021,"Norfolk County, Massachusetts",51241,1540,83177,35096,536931,706775
327,0500000US25023,"Plymouth County, Massachusetts",59873,1168,8497,21739,427519,521202
328,0500000US25025,"Suffolk County, Massachusetts",178818,1814,71580,187460,443334,803907
329,0500000US25027,"Worcester County, Massachusetts",42274,2304,42327,101093,693808,830622
330,0500000US26005,"Allegan County, Michigan",1825,554,372,8879,110852,118081
331,0500000US26017,"Bay County, Michigan",1778,204,406,5680,97404,103126
332,0500000US26021,"Berrien County, Michigan",22252,876,2557,8829,121331,153401
333,0500000US26025,"Calhoun County, Michigan",14238,812,3765,7345,107815,134159
334,0500000US26037,"Clinton County, Michigan",1786,114,1167,3677,73461,79595
335,0500000US26045,"Eaton County, Michigan",8178,939,2591,6247,95546,110268
336,0500000US26049,"Genesee County, Michigan",81575,2048,3919,14490,301546,405813
337,0500000US26055,"Grand Traverse County, Michigan",853,531,538,2759,88601,93088
338,0500000US26065,"Ingham County, Michigan",36629,2002,20590,23381,218215,292406
339,0500000US26073,"Isabella County, Michigan",2098,2292,1275,2889,61646,69872
340,0500000US26075,"Jackson County, Michigan",10910,488,1583,5775,138115,158510
341,0500000US26077,"Kalamazoo County, Michigan",31139,521,6344,13823,211916,265066
342,0500000US26081,"Kent County, Michigan",60661,1631,19244,71239,520702,656955
343,0500000US26087,"Lapeer County, Michigan",1264,165,625,4130,83183,87607
344,0500000US26091,"Lenawee County, Michigan",1889,336,361,8049,92654,98451
345,0500000US26093,"Livingston County, Michigan",888,569,2191,4897,185219,191995
346,0500000US26099,"Macomb County, Michigan",102177,3137,38878,24084,697499,873972
347,0500000US26103,"Marquette County, Michigan",1074,491,433,1052,62116,66699
348,0500000US26111,"Midland County, Michigan",1125,413,1964,2434,77214,83156
349,0500000US26115,"Monroe County, Michigan",3215,618,595,5641,141315,150500
350,0500000US26121,"Muskegon County, Michigan",23136,1513,772,10078,140494,173566
351,0500000US26125,"Oakland County, Michigan",170588,3368,101642,54538,942056,1257584
352,0500000US26139,"Ottawa County, Michigan",5010,879,8595,29729,260091,291830
353,0500000US26145,"Saginaw County, Michigan",35251,752,2517,16517,144761,190539
354,0500000US26147,"St. Clair County, Michigan",4789,246,962,5580,148702,159128
355,0500000US26155,"Shiawassee County, Michigan",0,0,0,2102,0,68122
356,0500000US26159,"Van Buren County, Michigan",2493,172,513,8831,67466,75677
357,0500000US26161,"Washtenaw County, Michigan",44448,1564,33018,18075,270532,367601
358,0500000US26163,"Wayne County, Michigan",674108,7182,61182,107451,922540,1749343
359,0500000US27003,"Anoka County, Minnesota",25635,2103,17982,17369,293048,356921
360,0500000US27013,"Blue Earth County, Minnesota",3281,185,1683,2664,61178,67653
361,0500000US27019,"Carver County, Minnesota",345,258,4958,4573,95967,105089
362,0500000US27035,"Crow Wing County, Minnesota",634,668,356,1001,62182,65055
363,0500000US27037,"Dakota County, Minnesota",31116,1432,22343,32425,345069,429021
364,0500000US27053,"Hennepin County, Minnesota",165711,8044,92825,88473,904234,1265843
365,0500000US27109,"Olmsted County, Minnesota",9797,363,10027,8219,132020,158293
366,0500000US27123,"Ramsey County, Minnesota",68554,2639,82800,41349,361977,550321
367,0500000US27131,"Rice County, Minnesota",2986,842,1450,5689,57069,66972
368,0500000US27137,"St. Louis County, Minnesota",3517,4018,2065,3612,182664,199070
369,0500000US27139,"Scott County, Minnesota",7320,434,7793,7884,123678,149013
370,0500000US27141,"Sherburne County, Minnesota",3087,615,833,2691,88982,97238
371,0500000US27145,"Stearns County, Minnesota",11539,323,2837,5737,139161,161075
372,0500000US27163,"Washington County, Minnesota",11888,475,17099,11702,220422,262440
373,0500000US27171,"Wright County, Minnesota",2281,454,1497,4325,128720,138377
374,0500000US28033,"DeSoto County, Mississippi",55988,275,3175,9415,119740,184945
375,0500000US28035,"Forrest County, Mississippi",0,0,0,2224,0,74897
376,0500000US28047,"Harrison County, Mississippi",52737,244,4901,11600,139587,208080
377,0500000US28049,"Hinds County, Mississippi",168989,1038,1824,3613,58183,231840
378,0500000US28059,"Jackson County, Mississippi",29785,1078,3541,9810,103118,143617
379,0500000US28067,"Jones County, Mississippi",0,0,0,3196,0,68098
380,0500000US28075,"Lauderdale County, Mississippi",32775,31,442,1693,39933,74125
381,0500000US28081,"Lee County, Mississippi",0,0,0,2334,0,85436
382,0500000US28089,"Madison County, Mississippi",40228,0,2979,3334,61087,106272
383,0500000US28121,"Rankin County, Mississippi",33741,181,1933,4381,115982,155271
384,0500000US29019,"Boone County, Missouri",14589,592,8794,6387,146438,180463
385,0500000US29021,"Buchanan County, Missouri",4578,673,1141,5991,75365,87364
386,0500000US29031,"Cape Girardeau County, Missouri",6205,0,1286,1947,68942,78871
387,0500000US29037,"Cass County, Missouri",0,0,0,4841,0,105780
388,0500000US29043,"Christian County, Missouri",0,0,0,2762,0,88595
389,0500000US29047,"Clay County, Missouri",14676,927,5037,17661,208292,249948
390,0500000US29051,"Cole County, Missouri",9562,129,1218,2252,63884,76745
391,0500000US29071,"Franklin County, Missouri",1035,304,73,1936,99703,103967
392,0500000US29077,"Greene County, Missouri",10275,1308,6657,11576,261617,293086
393,0500000US29095,"Jackson County, Missouri",161954,2283,13066,64986,472083,703011
394,0500000US29097,"Jasper County, Missouri",1887,1262,1743,10270,110265,121328
395,0500000US29099,"Jefferson County, Missouri",3276,506,2524,4704,216303,225081
396,0500000US29165,"Platte County, Missouri",8266,141,2381,6626,88482,104418
397,0500000US29183,"St. Charles County, Missouri",19836,904,10968,13754,357573,402022
398,0500000US29187,"St. Francois County, Missouri",0,0,0,648,0,67215
399,0500000US29189,"St. Louis County, Missouri",242125,1790,45301,29916,665587,994205
400,0500000US29510,"St. Louis city, Missouri",135967,1123,10331,12543,140701,300576
401,0500000US30013,"Cascade County, Montana",776,4149,295,3859,71320,81366
402,0500000US30029,"Flathead County, Montana",551,1899,910,3130,96995,103806
403,0500000US30031,"Gallatin County, Montana",1027,1268,1179,4558,106524,114434
404,0500000US30049,"Lewis and Clark County, Montana",617,461,598,1577,64322,69432
405,0500000US30063,"Missoula County, Montana",968,1890,2390,4094,109724,119600
406,0500000US30111,"Yellowstone County, Montana",1586,7623,1123,9409,144096,161300
407,0500000US31055,"Douglas County, Nebraska",64027,4202,22779,73944,451724,571327
408,0500000US31109,"Lancaster County, Nebraska",12759,3192,14580,23566,272554,319090
409,0500000US31153,"Sarpy County, Nebraska",7322,1655,4544,18861,162930,187196
410,0500000US32003,"Clark County, Nevada",279196,23279,226665,717278,1345727,2266715
411,0500000US32031,"Washoe County, Nevada",11513,7777,26966,117884,353042,471519
412,0500000US33005,"Cheshire County, New Hampshire",0,0,0,1505,0,76085
413,0500000US33009,"Grafton County, New Hampshire",1545,128,2970,2279,82425,89886
414,0500000US33011,"Hillsborough County, New Hampshire",11178,852,16275,30369,371752,417025
415,0500000US33013,"Merrimack County, New Hampshire",3220,434,3108,3459,141054,151391
416,0500000US33015,"Rockingham County, New Hampshire",3266,0,7057,10117,292557,309769
417,0500000US33017,"Strafford County, New Hampshire",1418,118,4127,3622,120891,130633
418,0500000US34001,"Atlantic County, New Jersey",37184,795,20610,51129,168846,263670
419,0500000US34003,"Bergen County, New Jersey",52489,1467,154409,195997,667991,932202
420,0500000US34005,"Burlington County, New Jersey",76401,1128,23075,38005,318226,445349
421,0500000US34007,"Camden County, New Jersey",98594,586,28838,89046,320002,506471
422,0500000US34009,"Cape May County, New Jersey",4126,0,448,7452,83801,92039
423,0500000US34011,"Cumberland County, New Jersey",30121,1322,1937,47569,98730,149527
424,0500000US34013,"Essex County, New Jersey",318621,1897,44008,190013,352316,798975
425,0500000US34015,"Gloucester County, New Jersey",31882,352,9151,19500,235630,291636
426,0500000US34017,"Hudson County, New Jersey",84657,4495,104983,286981,379783,672391
427,0500000US34019,"Hunterdon County, New Jersey",3075,251,5314,8694,111742,124371
428,0500000US34021,"Mercer County, New Jersey",75137,914,43674,67823,219260,367430
429,0500000US34023,"Middlesex County, New Jersey",83965,1596,201501,182108,453929,825062
430,0500000US34025,"Monmouth County, New Jersey",45968,263,32678,68930,511376,618795
431,0500000US34027,"Morris County, New Jersey",18588,648,53203,68147,399916,491845
432,0500000US34029,"Ocean County, New Jersey",19317,418,9648,57819,555478,607186
433,0500000US34031,"Passaic County, New Jersey",57221,710,26257,215329,334477,501826
434,0500000US34033,"Salem County, New Jersey",8155,214,676,6089,49285,62385
435,0500000US34035,"Somerset County, New Jersey",32756,539,60895,50061,200713,328934
436,0500000US34037,"Sussex County, New Jersey",3431,0,2474,12904,130668,140488
437,0500000US34039,"Union County, New Jersey",117093,793,30348,182552,279505,556341
438,0500000US34041,"Warren County, New Jersey",5062,52,2434,10697,92621,105267
439,0500000US35001,"Bernalillo County, New Mexico",19726,35029,18355,341627,503932,679121
440,0500000US35005,"Chaves County, New Mexico",1464,350,928,37376,56610,64615
441,0500000US35013,"Do√±a Ana County, New Mexico",3881,2930,3135,150033,174131,218195
442,0500000US35025,"Lea County, New Mexico",3154,678,1191,42705,62706,71070
443,0500000US35031,"McKinley County, New Mexico",279,53214,539,10148,8354,71367
444,0500000US35035,"Otero County, New Mexico",2738,5387,450,26034,52701,67490
445,0500000US35043,"Sandoval County, New Mexico",4104,18981,3143,58613,106514,146748
446,0500000US35045,"San Juan County, New Mexico",1348,49843,681,25534,64549,123958
447,0500000US35049,"Santa Fe County, New Mexico",1607,5957,2406,76529,124279,150358
448,0500000US35061,"Valencia County, New Mexico",3165,1967,630,46873,65270,76688
449,0500000US36001,"Albany County, New York",34706,352,19351,19102,228731,305506
450,0500000US36005,"Bronx County, New York",542543,7621,53314,799580,321736,1418207
451,0500000US36007,"Broome County, New York",9147,294,8873,8476,161716,190488
452,0500000US36009,"Cattaraugus County, New York",1159,2652,656,1635,69772,76117
453,0500000US36011,"Cayuga County, New York",2757,66,642,2401,69910,76576
454,0500000US36013,"Chautauqua County, New York",2959,713,838,9864,116198,126903
455,0500000US36015,"Chemung County, New York",4716,141,1294,2700,73854,83456
456,0500000US36019,"Clinton County, New York",3007,386,1261,2402,73558,80485
457,0500000US36027,"Dutchess County, New York",33517,642,9524,37960,226823,294218
458,0500000US36029,"Erie County, New York",125408,5451,35121,52969,709543,918702
459,0500000US36045,"Jefferson County, New York",6380,682,2372,8562,95631,109834
460,0500000US36047,"Kings County, New York",820016,7083,306350,483678,1115915,2559903
461,0500000US36051,"Livingston County, New York",1405,315,523,2451,57695,62914
462,0500000US36053,"Madison County, New York",1482,271,774,1242,66809,70941
463,0500000US36055,"Monroe County, New York",114292,1744,26360,68088,560867,741770
464,0500000US36059,"Nassau County, New York",159981,4833,140604,237226,913426,1356924
465,0500000US36061,"New York County, New York",233945,6440,202025,416758,922746,1628706
466,0500000US36063,"Niagara County, New York",13563,2123,2126,6970,180375,209281
467,0500000US36065,"Oneida County, New York",13605,450,9279,14083,192723,228671
468,0500000US36067,"Onondaga County, New York",53491,3274,17372,23802,361908,460528
469,0500000US36069,"Ontario County, New York",3271,159,1319,5614,101621,109777
470,0500000US36071,"Orange County, New York",44427,1295,11472,83002,289443,384940
471,0500000US36075,"Oswego County, New York",1145,51,816,3219,111452,117124
472,0500000US36079,"Putnam County, New York",3352,0,2293,16126,84960,98320
473,0500000US36081,"Queens County, New York",415664,11642,588964,634934,821416,2253858
474,0500000US36083,"Rensselaer County, New York",11430,0,4485,8259,135363,158714
475,0500000US36085,"Richmond County, New York",47951,1001,51270,88638,349964,476143
476,0500000US36087,"Rockland County, New York",39418,344,19281,59936,225965,325789
477,0500000US36089,"St. Lawrence County, New York",2443,875,1169,2594,99891,107740
478,0500000US36091,"Saratoga County, New York",3698,61,7710,7771,213426,229863
479,0500000US36093,"Schenectady County, New York",17187,116,7885,11540,115066,155299
480,0500000US36101,"Steuben County, New York",2274,186,1650,1626,89739,95379
481,0500000US36103,"Suffolk County, New York",112956,5145,59658,298429,1177731,1476601
482,0500000US36105,"Sullivan County, New York",4904,542,1204,12656,57574,75432
483,0500000US36109,"Tompkins County, New York",3425,103,10022,5519,80958,102180
484,0500000US36111,"Ulster County, New York",11119,499,2922,18838,150453,177573
485,0500000US36113,"Warren County, New York",1025,0,401,1803,60642,63944
486,0500000US36117,"Wayne County, New York",1950,109,932,4220,82992,89918
487,0500000US36119,"Westchester County, New York",150193,3015,59202,247169,610441,967506
488,0500000US37001,"Alamance County, North Carolina",34307,1471,3008,22130,117967,169509
489,0500000US37019,"Brunswick County, North Carolina",10666,835,940,7042,122295,142820
490,0500000US37021,"Buncombe County, North Carolina",16828,1170,3404,17870,230830,261191
491,0500000US37023,"Burke County, North Carolina",3619,1240,3192,5855,74458,90485
492,0500000US37025,"Cabarrus County, North Carolina",40511,162,9020,24034,148373,216453
493,0500000US37027,"Caldwell County, North Carolina",4603,0,99,4854,72726,82178
494,0500000US37031,"Carteret County, North Carolina",3431,301,593,3067,62595,69473
495,0500000US37035,"Catawba County, North Carolina",14154,716,7190,16175,126059,159551
496,0500000US37037,"Chatham County, North Carolina",7830,39,1205,9026,57614,74470
497,0500000US37045,"Cleveland County, North Carolina",20406,601,1041,3690,73238,97947
498,0500000US37049,"Craven County, North Carolina",22314,704,2310,7770,73100,102139
499,0500000US37051,"Cumberland County, North Carolina",123893,5130,9338,40572,164571,335509
500,0500000US37057,"Davidson County, North Carolina",17508,490,2643,12451,144346,167609
501,0500000US37063,"Durham County, North Carolina",114381,375,14204,43927,171593,321488
502,0500000US37067,"Forsyth County, North Carolina",100923,1953,8884,50828,252469,382295
503,0500000US37069,"Franklin County, North Carolina",16363,230,204,6253,47610,69685
504,0500000US37071,"Gaston County, North Carolina",38825,1008,3455,17015,171404,224529
505,0500000US37081,"Guilford County, North Carolina",184002,3141,27018,45192,288313,537174
506,0500000US37085,"Harnett County, North Carolina",30201,788,2460,18177,90982,135976
507,0500000US37089,"Henderson County, North Carolina",4223,253,1098,12137,107103,117417
508,0500000US37097,"Iredell County, North Carolina",20825,317,5102,14603,143949,181806
509,0500000US37101,"Johnston County, North Carolina",34923,766,2028,29475,158143,209339
510,0500000US37109,"Lincoln County, North Carolina",5379,353,753,6480,78483,86111
511,0500000US37119,"Mecklenburg County, North Carolina",352014,3809,63628,152925,579664,1110356
512,0500000US37125,"Moore County, North Carolina",12124,731,1454,7156,81646,100880
513,0500000US37127,"Nash County, North Carolina",38764,301,170,6940,46857,94298
514,0500000US37129,"New Hanover County, North Carolina",29299,805,2674,13610,189556,234473
515,0500000US37133,"Onslow County, North Carolina",28855,1153,4111,25521,149113,197938
516,0500000US37135,"Orange County, North Carolina",16943,398,12048,12815,114580,148476
517,0500000US37147,"Pitt County, North Carolina",61537,366,2936,11730,100199,180742
518,0500000US37151,"Randolph County, North Carolina",8140,570,1477,17224,122978,143667
519,0500000US37155,"Robeson County, North Carolina",30428,52786,628,12048,35102,130625
520,0500000US37157,"Rockingham County, North Carolina",0,0,0,5760,0,91010
521,0500000US37159,"Rowan County, North Carolina",23034,429,1196,13400,108730,142088
522,0500000US37161,"Rutherford County, North Carolina",6660,54,383,3225,58284,67029
523,0500000US37171,"Surry County, North Carolina",1731,859,428,7963,65624,71783
524,0500000US37179,"Union County, North Carolina",28137,934,8031,27515,190315,239859
525,0500000US37183,"Wake County, North Carolina",230927,5266,83883,115531,718463,1111761
526,0500000US37191,"Wayne County, North Carolina",38998,480,1342,15327,78388,123131
527,0500000US37193,"Wilkes County, North Carolina",0,0,0,4728,0,68412
528,0500000US37195,"Wilson County, North Carolina",32970,133,636,8820,40482,81801
529,0500000US38015,"Burleigh County, North Dakota",1789,4624,910,2634,85293,95626
530,0500000US38017,"Cass County, North Dakota",11269,1790,4190,5135,157035,181923
531,0500000US38035,"Grand Forks County, North Dakota",1695,2067,2175,3248,59697,69451
532,0500000US38101,"Ward County, North Dakota",2381,647,1180,4299,57964,67641
533,0500000US39003,"Allen County, Ohio",11407,349,953,3421,84244,102351
534,0500000US39007,"Ashtabula County, Ohio",0,0,0,4317,0,97241
535,0500000US39009,"Athens County, Ohio",1879,582,1732,1265,59787,65327
536,0500000US39013,"Belmont County, Ohio",2958,16,299,604,62343,67006
537,0500000US39017,"Butler County, Ohio",34039,651,14887,19113,320086,383134
538,0500000US39023,"Clark County, Ohio",12025,147,876,4851,116299,134083
539,0500000US39025,"Clermont County, Ohio",1967,56,2318,4273,196209,206428
540,0500000US39029,"Columbiana County, Ohio",0,0,0,1937,0,101883
541,0500000US39035,"Cuyahoga County, Ohio",366313,3975,40838,77343,766146,1235072
542,0500000US39041,"Delaware County, Ohio",7420,317,15355,5860,178784,209177
543,0500000US39043,"Erie County, Ohio",6974,181,305,3368,63795,74266
544,0500000US39045,"Fairfield County, Ohio",13159,85,2985,3741,135028,157574
545,0500000US39049,"Franklin County, Ohio",304051,3103,71200,76123,858933,1316756
546,0500000US39055,"Geauga County, Ohio",0,0,0,1537,0,93649
547,0500000US39057,"Greene County, Ohio",10956,479,4356,5002,144690,168937
548,0500000US39061,"Hamilton County, Ohio",209849,868,21332,29074,550516,817473
549,0500000US39063,"Hancock County, Ohio",1228,232,1422,4358,69846,75783
550,0500000US39081,"Jefferson County, Ohio",3564,0,364,1073,59374,65325
551,0500000US39085,"Lake County, Ohio",10865,113,2979,10788,209083,230149
552,0500000US39089,"Licking County, Ohio",7418,49,2821,3674,160352,176862
553,0500000US39093,"Lorain County, Ohio",23270,1473,4382,32184,264445,309833
554,0500000US39095,"Lucas County, Ohio",81931,1270,7376,31604,309082,428348
555,0500000US39099,"Mahoning County, Ohio",34322,127,2326,14772,182121,228683
556,0500000US39101,"Marion County, Ohio",2806,264,1128,1853,58096,65093
557,0500000US39103,"Medina County, Ohio",3230,549,1856,4135,170806,179746
558,0500000US39109,"Miami County, Ohio",3014,0,1465,2001,99953,106987
559,0500000US39113,"Montgomery County, Ohio",104945,2593,10928,17328,380692,531687
560,0500000US39119,"Muskingum County, Ohio",0,0,0,417,0,86215
561,0500000US39133,"Portage County, Ohio",7948,0,1673,3186,147235,162466
562,0500000US39139,"Richland County, Ohio",10742,372,754,2491,105042,121154
563,0500000US39141,"Ross County, Ohio",0,0,0,1061,0,76666
564,0500000US39145,"Scioto County, Ohio",0,0,0,1049,0,75314
565,0500000US39151,"Stark County, Ohio",29231,294,3556,8252,323692,370606
566,0500000US39153,"Summit County, Ohio",80544,921,19770,12421,420358,541013
567,0500000US39155,"Trumbull County, Ohio",16456,70,1231,3830,175107,197974
568,0500000US39157,"Tuscarawas County, Ohio",0,0,0,2938,0,91987
569,0500000US39165,"Warren County, Ohio",9985,50,15846,6835,202976,234602
570,0500000US39169,"Wayne County, Ohio",1401,164,1194,2381,108729,115710
571,0500000US39173,"Wood County, Ohio",2770,215,2688,7472,120119,130817
572,0500000US40017,"Canadian County, Oklahoma",5662,6983,5008,14511,121126,148306
573,0500000US40027,"Cleveland County, Oklahoma",13726,12965,13298,26249,221304,284014
574,0500000US40031,"Comanche County, Oklahoma",19184,5849,3172,16318,75751,120749
575,0500000US40037,"Creek County, Oklahoma",1572,9323,69,3292,56397,71522
576,0500000US40101,"Muskogee County, Oklahoma",7180,11933,369,4472,39099,67997
577,0500000US40109,"Oklahoma County, Oklahoma",119946,26274,28316,142911,551112,797434
578,0500000US40119,"Payne County, Oklahoma",2970,3219,3661,3942,64818,81784
579,0500000US40125,"Pottawatomie County, Oklahoma",2526,10437,426,3901,55249,72592
580,0500000US40131,"Rogers County, Oklahoma",810,12100,1412,4655,68959,92459
581,0500000US40143,"Tulsa County, Oklahoma",64765,35498,23436,86586,457630,651552
582,0500000US40145,"Wagoner County, Oklahoma",2959,7753,1300,5466,60363,81289
583,0500000US41003,"Benton County, Oregon",1267,901,6042,7252,77333,93053
584,0500000US41005,"Clackamas County, Oregon",4870,2957,20086,37679,361016,418187
585,0500000US41017,"Deschutes County, Oregon",1355,2791,2762,16324,182152,197692
586,0500000US41019,"Douglas County, Oregon",370,784,844,6732,102711,110980
587,0500000US41029,"Jackson County, Oregon",1934,2525,3196,29728,201990,220944
588,0500000US41033,"Josephine County, Oregon",721,1300,410,6720,81112,87487
589,0500000US41035,"Klamath County, Oregon",365,4028,188,9397,59088,68238
590,0500000US41039,"Lane County, Oregon",4883,3392,10766,35623,328130,382067
591,0500000US41043,"Linn County, Oregon",749,1738,1214,12354,115156,129749
592,0500000US41047,"Marion County, Oregon",2320,4710,9472,94705,278522,347818
593,0500000US41051,"Multnomah County, Oregon",42675,6767,60848,97667,628153,812855
594,0500000US41053,"Polk County, Oregon",72,781,1719,12472,74922,86085
595,0500000US41059,"Umatilla County, Oregon",336,1947,991,21511,65416,77950
596,0500000US41067,"Washington County, Oregon",12143,3955,68789,102830,449521,601592
597,0500000US41071,"Yamhill County, Oregon",951,904,2143,17378,92115,107100
598,0500000US42001,"Adams County, Pennsylvania",2044,161,995,7511,95929,103009
599,0500000US42003,"Allegheny County, Pennsylvania",157352,1443,46965,27552,965716,1216045
600,0500000US42005,"Armstrong County, Pennsylvania",0,0,0,247,0,64735
601,0500000US42007,"Beaver County, Pennsylvania",10081,90,1086,2924,147858,163929
602,0500000US42011,"Berks County, Pennsylvania",26533,961,6574,94556,338473,421164
603,0500000US42013,"Blair County, Pennsylvania",0,0,0,1631,0,121829
604,0500000US42017,"Bucks County, Pennsylvania",26526,436,32572,35659,544515,628270
605,0500000US42019,"Butler County, Pennsylvania",1863,19,2400,3025,180218,187853
606,0500000US42021,"Cambria County, Pennsylvania",5575,0,514,2297,121803,130192
607,0500000US42025,"Carbon County, Pennsylvania",1558,897,731,3402,60043,64182
608,0500000US42027,"Centre County, Pennsylvania",5975,76,9755,4911,142448,162385
609,0500000US42029,"Chester County, Pennsylvania",30393,761,30955,40046,431961,524989
610,0500000US42033,"Clearfield County, Pennsylvania",3057,26,471,1752,74153,79255
611,0500000US42037,"Columbia County, Pennsylvania",771,42,1473,1936,61974,64964
612,0500000US42039,"Crawford County, Pennsylvania",1459,43,739,1195,80721,84629
613,0500000US42041,"Cumberland County, Pennsylvania",11378,399,10722,10996,220155,253370
614,0500000US42043,"Dauphin County, Pennsylvania",54302,677,14381,27556,192332,278299
615,0500000US42045,"Delaware County, Pennsylvania",125741,1564,33158,23290,383843,566747
616,0500000US42049,"Erie County, Pennsylvania",18121,996,4570,11903,231216,269728
617,0500000US42051,"Fayette County, Pennsylvania",5222,43,590,1683,118980,129274
618,0500000US42055,"Franklin County, Pennsylvania",6252,1257,1498,9453,140780,155027
619,0500000US42063,"Indiana County, Pennsylvania",2480,36,512,794,79268,84073
620,0500000US42069,"Lackawanna County, Pennsylvania",7329,209,6703,17602,188220,209674
621,0500000US42071,"Lancaster County, Pennsylvania",23358,325,12475,59832,475780,545724
622,0500000US42073,"Lawrence County, Pennsylvania",0,0,0,1377,0,85512
623,0500000US42075,"Lebanon County, Pennsylvania",3037,570,1445,20058,121918,141793
624,0500000US42077,"Lehigh County, Pennsylvania",31897,556,12177,96919,298131,369318
625,0500000US42079,"Luzerne County, Pennsylvania",22899,700,3034,43740,266628,317417
626,0500000US42081,"Lycoming County, Pennsylvania",6032,523,807,2436,104295,113299
627,0500000US42085,"Mercer County, Pennsylvania",6412,0,680,1759,99721,109424
628,0500000US42089,"Monroe County, Pennsylvania",24687,1042,4151,28866,132835,170271
629,0500000US42091,"Montgomery County, Pennsylvania",79874,982,63850,45162,654804,830915
630,0500000US42095,"Northampton County, Pennsylvania",18289,604,8541,43201,254300,305285
631,0500000US42097,"Northumberland County, Pennsylvania",2759,174,494,3580,86161,90843
632,0500000US42101,"Philadelphia County, Pennsylvania",657343,7211,119641,241425,617726,1584064
633,0500000US42107,"Schuylkill County, Pennsylvania",4857,254,563,7348,133171,141359
634,0500000US42111,"Somerset County, Pennsylvania",1568,245,323,1148,69857,73447
635,0500000US42125,"Washington County, Pennsylvania",6473,0,2254,3757,192989,206865
636,0500000US42129,"Westmoreland County, Pennsylvania",7969,82,3258,4484,329199,348899
637,0500000US42133,"York County, Pennsylvania",25356,1022,6511,36265,391737,449058
638,0500000US44003,"Kent County, Rhode Island",4038,702,5246,9295,146603,164292
639,0500000US44005,"Newport County, Rhode Island",2415,415,1180,4886,73665,82082
640,0500000US44007,"Providence County, Rhode Island",70002,2138,26326,152606,451856,638931
641,0500000US44009,"Washington County, Rhode Island",1377,74,3434,4281,116554,125577
642,0500000US45003,"Aiken County, South Carolina",45514,102,1445,10087,120057,170872
643,0500000US45007,"Anderson County, South Carolina",29851,395,2396,8080,160961,202558
644,0500000US45013,"Beaufort County, South Carolina",32583,358,2524,21319,140697,192122
645,0500000US45015,"Berkeley County, South Carolina",54804,1890,5306,15903,147216,227907
646,0500000US45019,"Charleston County, South Carolina",102968,223,7354,21772,276787,411406
647,0500000US45031,"Darlington County, South Carolina",0,0,0,1454,0,66618
648,0500000US45035,"Dorchester County, South Carolina",38509,653,3077,9395,109288,162809
649,0500000US45041,"Florence County, South Carolina",60727,247,1900,3889,73122,138293
650,0500000US45045,"Greenville County, South Carolina",89741,2381,13347,49792,379349,523542
651,0500000US45047,"Greenwood County, South Carolina",0,0,0,4382,0,70811
652,0500000US45051,"Horry County, South Carolina",44829,765,5426,21591,288077,354081
653,0500000US45055,"Kershaw County, South Carolina",0,0,0,1337,0,66551
654,0500000US45057,"Lancaster County, South Carolina",0,0,0,5735,0,98012
655,0500000US45059,"Laurens County, South Carolina",14814,69,338,3579,46670,67493
656,0500000US45063,"Lexington County, South Carolina",44299,1515,6184,18794,234519,298750
657,0500000US45073,"Oconee County, South Carolina",5323,156,729,4630,69379,79546
658,0500000US45075,"Orangeburg County, South Carolina",0,0,0,2040,0,86175
659,0500000US45077,"Pickens County, South Carolina",9462,290,2518,5000,110768,126884
660,0500000US45079,"Richland County, South Carolina",199181,1018,12764,22230,182477,415759
661,0500000US45083,"Spartanburg County, South Carolina",65752,724,8364,23303,233071,319785
662,0500000US45085,"Sumter County, South Carolina",49975,140,1605,4470,49388,106721
663,0500000US45091,"York County, South Carolina",53790,2530,7068,16642,207964,280979
664,0500000US46099,"Minnehaha County, South Dakota",12057,2822,3658,9936,166942,193134
665,0500000US46103,"Pennington County, South Dakota",2071,10132,1270,6125,95247,113775
666,0500000US47001,"Anderson County, Tennessee",3315,440,1245,2435,69711,76978
667,0500000US47009,"Blount County, Tennessee",3879,135,1114,4815,124866,133088
668,0500000US47011,"Bradley County, Tennessee",6983,178,870,7168,94926,108110
669,0500000US47037,"Davidson County, Tennessee",185846,2053,26193,72218,439010,694144
670,0500000US47059,"Greene County, Tennessee",0,0,0,2099,0,69069
671,0500000US47065,"Hamilton County, Tennessee",67998,771,7453,22191,274851,367804
672,0500000US47093,"Knox County, Tennessee",38615,2471,10101,21464,402137,470313
673,0500000US47113,"Madison County, Tennessee",36415,446,1124,3991,54678,97984
674,0500000US47119,"Maury County, Tennessee",0,0,0,6003,0,96387
675,0500000US47125,"Montgomery County, Tennessee",42405,1038,4234,21412,143019,208993
676,0500000US47141,"Putnam County, Tennessee",2007,0,1022,5236,74631,80245
677,0500000US47147,"Robertson County, Tennessee",5412,239,384,5332,61655,71813
678,0500000US47149,"Rutherford County, Tennessee",50241,306,13065,28850,250555,332285
679,0500000US47155,"Sevier County, Tennessee",1884,262,484,6335,92589,98250
680,0500000US47157,"Shelby County, Tennessee",504715,1129,26200,62125,365798,937166
681,0500000US47163,"Sullivan County, Tennessee",3241,326,1167,3220,149208,158348
682,0500000US47165,"Sumner County, Tennessee",15485,431,3487,10147,163488,191283
683,0500000US47179,"Washington County, Tennessee",5193,1656,2198,4686,118437,129375
684,0500000US47187,"Williamson County, Tennessee",8940,255,10989,11724,210037,238412
685,0500000US47189,"Wilson County, Tennessee",9670,891,2692,6720,124756,144657
686,0500000US48005,"Angelina County, Texas",0,0,0,19700,0,86715
687,0500000US48021,"Bastrop County, Texas",5334,857,219,35189,57372,88723
688,0500000US48027,"Bell County, Texas",91889,1995,10661,92760,225437,362924
689,0500000US48029,"Bexar County, Texas",155244,17785,59703,1215788,1552899,2003554
690,0500000US48037,"Bowie County, Texas",22743,922,742,7313,64552,93245
691,0500000US48039,"Brazoria County, Texas",55573,1864,26790,118152,272750,374264
692,0500000US48041,"Brazos County, Texas",25253,118,13165,60074,180721,229211
693,0500000US48061,"Cameron County, Texas",3910,902,2927,380862,396658,423163
694,0500000US48085,"Collin County, Texas",106861,3469,168405,160636,701667,1034730
695,0500000US48091,"Comal County, Texas",4951,354,2416,43823,143192,156209
696,0500000US48099,"Coryell County, Texas",9863,205,1571,14349,56184,75951
697,0500000US48113,"Dallas County, Texas",596492,12686,172315,1074195,1580364,2635516
698,0500000US48121,"Denton County, Texas",89107,4054,84816,173905,656088,887207
699,0500000US48135,"Ector County, Texas",10143,1671,1990,103987,130632,166223
700,0500000US48139,"Ellis County, Texas",20038,1372,844,49705,149989,184826
701,0500000US48141,"El Paso County, Texas",29118,5234,9965,696115,674496,839238
702,0500000US48157,"Fort Bend County, Texas",164866,3432,164074,202492,412802,811688
703,0500000US48167,"Galveston County, Texas",42827,740,11653,86852,271933,342139
704,0500000US48181,"Grayson County, Texas",8407,747,2341,19370,118372,136212
705,0500000US48183,"Gregg County, Texas",22820,86,1625,23824,91844,123945
706,0500000US48187,"Guadalupe County, Texas",14668,552,2211,64251,137989,166847
707,0500000US48201,"Harris County, Texas",901998,20316,331518,2061019,2895713,4713325
708,0500000US48203,"Harrison County, Texas",11930,739,810,9078,49759,66553
709,0500000US48209,"Hays County, Texas",9776,1422,3279,92274,204010,230191
710,0500000US48213,"Henderson County, Texas",3910,959,1748,11218,74570,82737
711,0500000US48215,"Hidalgo County, Texas",5029,971,8592,803455,737925,868707
712,0500000US48231,"Hunt County, Texas",7805,987,1082,17383,80915,98594
713,0500000US48245,"Jefferson County, Texas",84307,1063,9984,55576,147563,251565
714,0500000US48251,"Johnson County, Texas",8127,1243,1893,39763,157804,175817
715,0500000US48257,"Kaufman County, Texas",19213,336,871,31662,107948,136154
716,0500000US48291,"Liberty County, Texas",0,0,0,25209,0,88219
717,0500000US48303,"Lubbock County, Texas",21485,1855,6830,112706,251138,310569
718,0500000US48309,"McLennan County, Texas",35197,2052,3471,69247,204884,256623
719,0500000US48329,"Midland County, Texas",11443,1378,2881,81342,125450,176832
720,0500000US48339,"Montgomery County, Texas",31579,1790,18788,152837,525854,607391
721,0500000US48347,"Nacogdoches County, Texas",12592,860,736,13046,50606,65204
722,0500000US48355,"Nueces County, Texas",14365,892,7663,233647,325539,362294
723,0500000US48361,"Orange County, Texas",0,0,0,7074,0,83396
724,0500000US48367,"Parker County, Texas",1587,984,1020,18606,133000,142878
725,0500000US48375,"Potter County, Texas",12496,897,6737,45866,91183,117415
726,0500000US48381,"Randall County, Texas",4259,723,3991,31772,121664,137713
727,0500000US48397,"Rockwall County, Texas",7616,444,3745,19542,87030,104915
728,0500000US48409,"San Patricio County, Texas",1728,92,671,39028,60698,66730
729,0500000US48423,"Smith County, Texas",41309,845,4298,46746,178470,232751
730,0500000US48439,"Tarrant County, Texas",359898,10257,118494,619710,1378142,2102515
731,0500000US48441,"Taylor County, Texas",12413,127,2955,34472,112157,138034
732,0500000US48451,"Tom Green County, Texas",4847,568,1461,48534,105763,119200
733,0500000US48453,"Travis County, Texas",104062,9660,87316,428571,920247,1273954
734,0500000US48469,"Victoria County, Texas",6006,0,890,44052,81305,92084
735,0500000US48471,"Walker County, Texas",0,0,0,13197,0,72971
736,0500000US48479,"Webb County, Texas",1327,1607,1298,263899,266003,276652
737,0500000US48485,"Wichita County, Texas",12728,923,2990,26220,107513,132230
738,0500000US48491,"Williamson County, Texas",40399,2577,44897,146602,469151,590551
739,0500000US48497,"Wise County, Texas",0,0,0,13965,0,69984
740,0500000US49005,"Cache County, Utah",857,658,3357,14022,118029,128289
741,0500000US49011,"Davis County, Utah",4376,1592,6853,36117,323178,355481
742,0500000US49035,"Salt Lake County, Utah",23313,10033,48472,218243,929287,1160437
743,0500000US49045,"Tooele County, Utah",0,0,0,9355,0,72259
744,0500000US49049,"Utah County, Utah",3029,3045,8780,77455,581543,636235
745,0500000US49053,"Washington County, Utah",1498,1706,1186,19318,163341,177556
746,0500000US49057,"Weber County, Utah",3155,2350,3790,48757,236957,260213
747,0500000US50007,"Chittenden County, Vermont",5183,446,4458,4028,147125,163774
748,0500000US51003,"Albemarle County, Virginia",9954,266,5462,6312,89592,109330
749,0500000US51013,"Arlington County, Virginia",22564,708,24317,36951,170938,236842
750,0500000US51015,"Augusta County, Virginia",0,0,0,2374,0,75558
751,0500000US51019,"Bedford County, Virginia",0,0,0,1870,0,78997
752,0500000US51041,"Chesterfield County, Virginia",82677,1151,13197,33383,225745,352802
753,0500000US51059,"Fairfax County, Virginia",116562,3664,228195,189515,685971,1147532
754,0500000US51061,"Fauquier County, Virginia",5547,65,1295,6522,61685,71222
755,0500000US51069,"Frederick County, Virginia",4268,184,1357,8325,80873,89313
756,0500000US51085,"Hanover County, Virginia",10749,0,1419,3347,91174,107766
757,0500000US51087,"Henrico County, Virginia",102393,622,28217,19734,180176,330818
758,0500000US51095,"James City County, Virginia",10242,37,2123,4692,61632,76523
759,0500000US51107,"Loudoun County, Virginia",33157,1622,81355,57508,260807,413538
760,0500000US51121,"Montgomery County, Virginia",4667,825,5995,3425,84480,98535
761,0500000US51153,"Prince William County, Virginia",98650,2547,42182,115173,269954,470335
762,0500000US51161,"Roanoke County, Virginia",5983,372,3629,3114,82723,94186
763,0500000US51165,"Rockingham County, Virginia",3611,204,215,6100,75964,81948
764,0500000US51177,"Spotsylvania County, Virginia",22802,598,3430,14603,94853,136215
765,0500000US51179,"Stafford County, Virginia",29199,216,5421,21673,99699,152882
766,0500000US51199,"York County, Virginia",10282,0,4004,4701,49544,68280
767,0500000US51510,"Alexandria city, Virginia",33266,105,9227,26479,101087,159428
768,0500000US51550,"Chesapeake city, Virginia",73569,454,8655,16239,147098,244835
769,0500000US51650,"Hampton city, Virginia",67315,29,3459,8369,53875,134510
770,0500000US51680,"Lynchburg city, Virginia",23704,211,1499,3705,52367,82168
771,0500000US51700,"Newport News city, Virginia",74156,549,5643,16878,86265,179225
772,0500000US51710,"Norfolk city, Virginia",100025,816,8913,20535,114295,242742
773,0500000US51740,"Portsmouth city, Virginia",50972,39,1195,4439,37612,94398
774,0500000US51760,"Richmond city, Virginia",104272,390,4673,16805,102870,230436
775,0500000US51770,"Roanoke city, Virginia",30538,0,2625,6640,60753,99143
776,0500000US51800,"Suffolk city, Virginia",38737,0,1705,4300,46453,92108
777,0500000US51810,"Virginia Beach city, Virginia",85176,1392,32452,38235,295353,449974
778,0500000US53005,"Benton County, Washington",4709,1658,4496,46210,167823,204390
779,0500000US53007,"Chelan County, Washington",1313,569,414,21804,56989,77200
780,0500000US53009,"Clallam County, Washington",214,4794,1243,5076,67038,77331
781,0500000US53011,"Clark County, Washington",10764,2727,22008,49756,410386,488241
782,0500000US53015,"Cowlitz County, Washington",660,689,1505,10325,98387,110593
783,0500000US53021,"Franklin County, Washington",1710,1587,1255,51001,67975,95222
784,0500000US53025,"Grant County, Washington",180,1729,743,41236,67429,97733
785,0500000US53027,"Grays Harbor County, Washington",1890,2657,961,7745,65316,75061
786,0500000US53029,"Island County, Washington",3134,1173,3662,6969,71109,85141
787,0500000US53033,"King County, Washington",151745,15174,425891,222642,1398899,2252782
788,0500000US53035,"Kitsap County, Washington",8171,3200,13800,22377,218361,271473
789,0500000US53041,"Lewis County, Washington",406,232,144,8500,71368,80707
790,0500000US53045,"Mason County, Washington",206,1977,577,7099,56698,66768
791,0500000US53053,"Pierce County, Washington",61029,11187,57593,103027,649316,904980
792,0500000US53057,"Skagit County, Washington",1297,3989,2589,24050,106748,129205
793,0500000US53061,"Snohomish County, Washington",27797,10920,98832,87167,604756,822083
794,0500000US53063,"Spokane County, Washington",10859,7266,12000,31835,459016,522798
795,0500000US53067,"Thurston County, Washington",11195,4635,16267,27212,235404,290536
796,0500000US53073,"Whatcom County, Washington",1914,5208,8771,22489,188188,229247
797,0500000US53077,"Yakima County, Washington",2899,10632,2839,125816,189216,250873
798,0500000US54003,"Berkeley County, West Virginia",9191,87,1318,5723,103164,119171
799,0500000US54011,"Cabell County, West Virginia",4263,0,1335,1300,83678,91945
800,0500000US54033,"Harrison County, West Virginia",567,0,536,1166,63406,67256
801,0500000US54039,"Kanawha County, West Virginia",12070,831,2248,2083,157599,178124
802,0500000US54061,"Monongalia County, West Virginia",4017,30,3502,2352,94709,105612
803,0500000US54081,"Raleigh County, West Virginia",0,0,0,1240,0,73361
804,0500000US54107,"Wood County, West Virginia",994,1733,373,406,79670,83518
805,0500000US55009,"Brown County, Wisconsin",7196,6618,9369,23906,222885,264542
806,0500000US55025,"Dane County, Wisconsin",27819,1791,33065,35763,460464,546695
807,0500000US55027,"Dodge County, Wisconsin",2659,406,526,4435,82571,87839
808,0500000US55035,"Eau Claire County, Wisconsin",1936,393,4216,2781,96121,104646
809,0500000US55039,"Fond du Lac County, Wisconsin",1618,263,1289,5588,95812,103403
810,0500000US55055,"Jefferson County, Wisconsin",778,385,530,6225,78950,84769
811,0500000US55059,"Kenosha County, Wisconsin",12730,747,2879,22816,146989,169561
812,0500000US55063,"La Crosse County, Wisconsin",1872,423,5433,2473,107160,118016
813,0500000US55071,"Manitowoc County, Wisconsin",1219,595,2538,3498,73622,78981
814,0500000US55073,"Marathon County, Wisconsin",423,388,7961,4052,122654,135692
815,0500000US55079,"Milwaukee County, Wisconsin",248624,5713,40166,147612,556872,945726
816,0500000US55087,"Outagamie County, Wisconsin",2875,2829,6887,8571,167807,187885
817,0500000US55089,"Ozaukee County, Wisconsin",519,105,1982,2789,83241,89221
818,0500000US55097,"Portage County, Wisconsin",873,286,2394,2401,65426,70772
819,0500000US55101,"Racine County, Wisconsin",22830,1243,2726,26754,157426,196311
820,0500000US55105,"Rock County, Wisconsin",7537,44,2023,14936,140116,163354
821,0500000US55109,"St. Croix County, Wisconsin",713,36,914,2377,87115,90687
822,0500000US55117,"Sheboygan County, Wisconsin",2336,582,6861,7715,100581,115340
823,0500000US55127,"Walworth County, Wisconsin",1416,359,409,11637,97838,103868
824,0500000US55131,"Washington County, Wisconsin",2501,224,2643,4501,128012,136034
825,0500000US55133,"Waukesha County, Wisconsin",6660,912,15415,19853,370945,404198
826,0500000US55139,"Winnebago County, Wisconsin",4049,1084,4560,7490,155315,171907
827,0500000US55141,"Wood County, Wisconsin",680,346,1479,2323,69301,72999
828,0500000US56021,"Laramie County, Wyoming",1845,1872,1002,14842,88060,99500
829,0500000US56025,"Natrona County, Wyoming",1024,840,787,6969,74769,79858
830,0500000US72013,"Arecibo Municipio, Puerto Rico",3369,0,964,81121,56637,81966
831,0500000US72021,"Bayam√≥n Municipio, Puerto Rico",14813,296,307,166341,114990,169269
832,0500000US72025,"Caguas Municipio, Puerto Rico",9819,148,177,121751,92104,124606
833,0500000US72031,"Carolina Municipio, Puerto Rico",25741,495,167,145560,83768,146984
834,0500000US72061,"Guaynabo Municipio, Puerto Rico",0,0,0,82424,0,83728
835,0500000US72097,"Mayag√ºez Municipio, Puerto Rico",1959,0,27,70889,25994,71530
836,0500000US72113,"Ponce Municipio, Puerto Rico",8321,36,0,130227,108065,131881
837,0500000US72127,"San Juan Municipio, Puerto Rico",41261,401,1475,309346,183816,318441
838,0500000US72135,"Toa Alta Municipio, Puerto Rico",0,0,0,70269,0,72025
839,0500000US72137,"Toa Baja Municipio, Puerto Rico",9848,0,0,72745,57304,74271
840,0500000US72139,"Trujillo Alto Municipio, Puerto Rico",8949,0,0,62918,37802,63674
