,GEO_ID,NAME,afr_amer,amer_ind,asian,latino,white
1,0500000US01003,"Baldwin County, Alabama",20554,1276,2338,10132,191157
2,0500000US01015,"Calhoun County, Alabama",24737,107,426,4469,87105
3,0500000US01043,"Cullman County, Alabama",906,301,166,3699,80522
4,0500000US01049,"DeKalb County, Alabama",1335,868,173,10595,61426
5,0500000US01051,"Elmore County, Alabama",17113,345,522,2467,62491
6,0500000US01055,"Etowah County, Alabama",17474,209,862,4116,82862
7,0500000US01069,"Houston County, Alabama",29214,66,700,3600,74364
8,0500000US01073,"Jefferson County, Alabama",282596,1786,9564,26246,351092
9,0500000US01077,"Lauderdale County, Alabama",9614,89,667,2644,81601
10,0500000US01081,"Lee County, Alabama",38323,453,6950,6164,117409
11,0500000US01083,"Limestone County, Alabama",13504,702,1377,5910,76850
12,0500000US01089,"Madison County, Alabama",88541,1201,9303,18577,257437
13,0500000US01095,"Marshall County, Alabama",3727,269,385,13768,89353
14,0500000US01097,"Mobile County, Alabama",150188,3056,8037,12648,246521
15,0500000US01101,"Montgomery County, Alabama",132366,518,7122,7937,81036
16,0500000US01103,"Morgan County, Alabama",17107,327,613,10067,92884
17,0500000US01115,"St. Clair County, Alabama",8976,155,715,2223,77414
18,0500000US01117,"Shelby County, Alabama",27162,372,4767,12466,175797
19,0500000US01121,"Talladega County, Alabama",27226,433,110,1242,51977
20,0500000US01125,"Tuscaloosa County, Alabama",67036,529,3471,8115,136977
21,0500000US01127,"Walker County, Alabama",3863,98,141,1633,58589
22,0500000US02020,"Anchorage Municipality, Alaska",16679,22022,28273,27107,208738
23,0500000US02090,"Fairbanks North Star Borough, Alaska",4941,8025,2956,8282,80724
24,0500000US02170,"Matanuska-Susitna Borough, Alaska",901,8317,1943,5447,95529
25,0500000US04001,"Apache County, Arizona",411,53873,416,4590,16437
26,0500000US04003,"Cochise County, Arizona",4814,1738,2511,45172,114042
27,0500000US04005,"Coconino County, Arizona",1882,38177,2687,20389,94905
28,0500000US04013,"Maricopa County, Arizona",257889,91630,184809,1379637,3614022
29,0500000US04015,"Mohave County, Arizona",2409,4346,2518,35269,195108
30,0500000US04017,"Navajo County, Arizona",892,49902,636,12649,55963
31,0500000US04019,"Pima County, Arizona",37940,45440,30481,390183,823552
32,0500000US04021,"Pinal County, Arizona",19947,22140,7233,136046,376948
33,0500000US04025,"Yavapai County, Arizona",1876,2296,2581,34046,216974
34,0500000US04027,"Yuma County, Arizona",5942,2428,3254,136425,191309
35,0500000US05007,"Benton County, Arkansas",5133,3587,10627,45975,246053
36,0500000US05031,"Craighead County, Arkansas",17485,326,660,5624,86924
37,0500000US05045,"Faulkner County, Arkansas",13893,800,1626,5165,106017
38,0500000US05051,"Garland County, Arkansas",7374,1004,1048,5811,88950
39,0500000US05069,"Jefferson County, Arkansas",39238,230,659,1456,27291
40,0500000US05085,"Lonoke County, Arkansas",5335,178,618,3508,66397
41,0500000US05119,"Pulaski County, Arkansas",145102,2096,9042,24521,226066
42,0500000US05125,"Saline County, Arkansas",9542,321,1495,6030,108906
43,0500000US05131,"Sebastian County, Arkansas",8867,1289,6340,18659,97243
44,0500000US05143,"Washington County, Arkansas",8323,3461,6287,40606,186986
45,0500000US05145,"White County, Arkansas",3569,513,749,3464,73666
46,0500000US06001,"Alameda County, California",172152,10645,513491,373040,731674
47,0500000US06007,"Butte County, California",4019,2274,10017,38528,199636
48,0500000US06013,"Contra Costa County, California",101253,7347,195848,297255,692066
49,0500000US06017,"El Dorado County, California",1221,924,8834,24640,176608
50,0500000US06019,"Fresno County, California",45504,15894,103204,531677,680972
51,0500000US06023,"Humboldt County, California",1553,6438,4610,16155,115632
52,0500000US06025,"Imperial County, California",4201,1035,2801,153757,124429
53,0500000US06029,"Kern County, California",50289,8106,44299,483846,702552
54,0500000US06031,"Kings County, California",10428,1502,6833,83200,101386
55,0500000US06033,"Lake County, California",1546,3040,622,13717,49377
56,0500000US06037,"Los Angeles County, California",811476,76089,1492554,4915287,5506273
57,0500000US06039,"Madera County, California",5417,1510,3619,91939,96479
58,0500000US06041,"Marin County, California",6312,275,16431,41846,218665
59,0500000US06045,"Mendocino County, California",294,3434,2190,22445,76467
60,0500000US06047,"Merced County, California",9118,2300,20204,165438,164495
61,0500000US06053,"Monterey County, California",11753,6540,25748,257572,218580
62,0500000US06055,"Napa County, California",2237,1011,12249,48101,111438
63,0500000US06057,"Nevada County, California",534,345,1249,9644,95203
64,0500000US06059,"Orange County, California",59872,13213,666421,1088251,2037825
65,0500000US06061,"Placer County, California",6738,2028,30817,56026,339820
66,0500000US06065,"Riverside County, California",160065,17330,163182,1214445,1572247
67,0500000US06067,"Sacramento County, California",152261,11548,248351,361318,970226
68,0500000US06071,"San Bernardino County, California",178755,19292,157436,1171925,1410943
69,0500000US06073,"San Diego County, California",171408,20446,401745,1135348,2525178
70,0500000US06075,"San Francisco County, California",45886,2308,302795,134664,449105
71,0500000US06077,"San Joaquin County, California",54996,4560,120792,315571,511462
72,0500000US06079,"San Luis Obispo County, California",5123,1731,10265,64774,258246
73,0500000US06081,"San Mateo County, California",16374,3089,226445,187110,427169
74,0500000US06083,"Santa Barbara County, California",9371,6202,24922,204686,367122
75,0500000US06085,"Santa Clara County, California",49486,8791,721307,490505,942586
76,0500000US06087,"Santa Cruz County, California",2874,954,13521,93439,212757
77,0500000US06089,"Shasta County, California",2080,4384,5654,18560,160377
78,0500000US06095,"Solano County, California",59795,2524,70209,119970,263761
79,0500000US06097,"Sonoma County, California",8049,5039,21637,135779,391092
80,0500000US06099,"Stanislaus County, California",16865,5011,28148,258334,453797
81,0500000US06101,"Sutter County, California",2001,888,13831,30526,71990
82,0500000US06107,"Tulare County, California",8947,4550,17675,303657,345894
83,0500000US06111,"Ventura County, California",14696,5106,64523,366098,720716
84,0500000US06113,"Yolo County, California",6684,925,31615,70262,172252
85,0500000US06115,"Yuba County, California",2132,1513,5721,22428,64633
86,0500000US08001,"Adams County, Colorado",16804,5317,18457,207046,444940
87,0500000US08005,"Arapahoe County, Colorado",73002,5249,38778,126911,496899
88,0500000US08013,"Boulder County, Colorado",3185,1804,14360,45370,298159
89,0500000US08014,"Broomfield County, Colorado",1103,196,4951,8730,62503
90,0500000US08031,"Denver County, Colorado",64199,6686,26827,212562,570665
91,0500000US08035,"Douglas County, Colorado",5180,1497,16299,30763,314710
92,0500000US08041,"El Paso County, Colorado",45510,5466,20891,124622,611185
93,0500000US08059,"Jefferson County, Colorado",6402,4120,18397,89889,538392
94,0500000US08069,"Larimer County, Colorado",3523,1972,7779,40855,331801
95,0500000US08077,"Mesa County, Colorado",1426,2200,1956,22657,146202
96,0500000US08101,"Pueblo County, Colorado",3615,5493,1342,72189,142788
97,0500000US08123,"Weld County, Colorado",4398,1447,4725,93184,293400
98,0500000US09001,"Fairfield County, Connecticut",108358,2417,52072,190436,699201
99,0500000US09003,"Hartford County, Connecticut",125302,2111,49780,164732,659474
100,0500000US09005,"Litchfield County, Connecticut",3296,284,2813,12180,170325
101,0500000US09007,"Middlesex County, Connecticut",10306,174,5421,10462,145304
102,0500000US09009,"New Haven County, Connecticut",120459,2541,35199,159804,644148
103,0500000US09011,"New London County, Connecticut",17171,1346,11344,29186,226489
104,0500000US09013,"Tolland County, Connecticut",4158,232,7604,8633,136358
105,0500000US09015,"Windham County, Connecticut",2502,402,1622,14377,106552
106,0500000US10001,"Kent County, Delaware",45522,1556,4144,13193,124330
107,0500000US10003,"New Castle County, Delaware",144954,1512,31543,57481,365076
108,0500000US10005,"Sussex County, Delaware",27118,1329,3336,21301,192495
109,0500000US11001,"District of Columbia, District of Columbia",319777,1932,27538,79249,315977
110,0500000US12001,"Alachua County, Florida",52720,970,17015,27741,195104
111,0500000US12005,"Bay County, Florida",19301,877,3867,12426,154396
112,0500000US12009,"Brevard County, Florida",57559,1788,14941,63961,512583
113,0500000US12011,"Broward County, Florida",562696,6018,72663,593733,1217972
114,0500000US12015,"Charlotte County, Florida",9781,224,2517,13711,170263
115,0500000US12017,"Citrus County, Florida",4284,430,2155,8800,139670
116,0500000US12019,"Clay County, Florida",24859,35,5712,22335,178288
117,0500000US12021,"Collier County, Florida",26009,810,5521,106743,338047
118,0500000US12023,"Columbia County, Florida",11899,364,354,4487,55353
119,0500000US12031,"Duval County, Florida",278340,3413,44256,96316,596474
120,0500000US12033,"Escambia County, Florida",71301,1814,11379,18364,225522
121,0500000US12035,"Flagler County, Florida",11266,0,2828,11815,94654
122,0500000US12053,"Hernando County, Florida",10761,662,2139,27069,172875
123,0500000US12055,"Highlands County, Florida",10117,0,921,21938,86454
124,0500000US12057,"Hillsborough County, Florida",241095,3754,58301,420114,1058709
125,0500000US12061,"Indian River County, Florida",13492,717,1188,19962,140150
126,0500000US12069,"Lake County, Florida",41098,1760,6928,57208,302269
127,0500000US12071,"Lee County, Florida",68105,614,12403,165233,642138
128,0500000US12073,"Leon County, Florida",91171,523,11278,19247,184564
129,0500000US12081,"Manatee County, Florida",32646,717,9221,66075,345911
130,0500000US12083,"Marion County, Florida",43923,1019,4898,49093,303306
131,0500000US12085,"Martin County, Florida",11043,316,2904,22433,140360
132,0500000US12086,"Miami-Dade County, Florida",472958,5983,44830,1907130,2094088
133,0500000US12087,"Monroe County, Florida",5227,31,1027,18717,66213
134,0500000US12089,"Nassau County, Florida",5011,430,805,3845,79380
135,0500000US12091,"Okaloosa County, Florida",20465,572,7062,20092,171321
136,0500000US12095,"Orange County, Florida",288018,4549,71893,446364,920804
137,0500000US12097,"Osceola County, Florida",43509,1172,11147,203445,274090
138,0500000US12099,"Palm Beach County, Florida",273542,2419,42059,340570,1119719
139,0500000US12101,"Pasco County, Florida",30469,2309,13863,85212,479584
140,0500000US12103,"Pinellas County, Florida",99971,2598,32571,97592,820072
141,0500000US12105,"Polk County, Florida",107044,2670,13061,167229,557405
142,0500000US12107,"Putnam County, Florida",11881,0,530,7578,60986
143,0500000US12109,"St. Johns County, Florida",14093,819,7638,18315,229774
144,0500000US12111,"St. Lucie County, Florida",64874,0,6057,62776,240796
145,0500000US12113,"Santa Rosa County, Florida",10837,1194,3161,10225,160080
146,0500000US12115,"Sarasota County, Florida",19172,871,7605,39848,395672
147,0500000US12117,"Seminole County, Florida",57125,1127,22199,102835,358241
148,0500000US12119,"Sumter County, Florida",10375,176,1403,7403,115354
149,0500000US12127,"Volusia County, Florida",60845,2441,10098,79547,449106
150,0500000US12131,"Walton County, Florida",3176,553,633,4553,64954
151,0500000US13013,"Barrow County, Georgia",9937,218,3172,9317,64939
152,0500000US13015,"Bartow County, Georgia",11734,198,1341,9358,92021
153,0500000US13021,"Bibb County, Georgia",81723,188,3249,5216,64674
154,0500000US13031,"Bulloch County, Georgia",20136,0,1108,3188,54025
155,0500000US13045,"Carroll County, Georgia",22574,1960,312,8453,89346
156,0500000US13047,"Catoosa County, Georgia",2750,887,905,427,62819
157,0500000US13051,"Chatham County, Georgia",113883,634,7493,18967,160641
158,0500000US13057,"Cherokee County, Georgia",16274,826,4850,27457,223410
159,0500000US13059,"Clarke County, Georgia",35535,311,4947,13832,84100
160,0500000US13063,"Clayton County, Georgia",202746,308,14865,38635,50787
161,0500000US13067,"Cobb County, Georgia",208527,1875,43013,99824,456944
162,0500000US13073,"Columbia County, Georgia",26416,0,7116,10596,118469
163,0500000US13077,"Coweta County, Georgia",25081,1428,3242,10417,114038
164,0500000US13089,"DeKalb County, Georgia",403014,6959,47716,65060,281507
165,0500000US13095,"Dougherty County, Georgia",63283,494,372,2671,25117
166,0500000US13097,"Douglas County, Georgia",69703,0,2431,14528,68993
167,0500000US13113,"Fayette County, Georgia",27242,315,5382,8410,77566
168,0500000US13115,"Floyd County, Georgia",13648,299,1807,11059,80773
169,0500000US13117,"Forsyth County, Georgia",9944,52,34047,22933,188320
170,0500000US13121,"Fulton County, Georgia",457063,2647,78713,76334,487470
171,0500000US13127,"Glynn County, Georgia",0,0,0,5831,59956
172,0500000US13135,"Gwinnett County, Georgia",259173,6573,111728,199272,454625
173,0500000US13139,"Hall County, Georgia",13415,576,3392,58589,178786
174,0500000US13151,"Henry County, Georgia",104658,170,7868,16494,110622
175,0500000US13153,"Houston County, Georgia",51094,640,5559,10449,94873
176,0500000US13157,"Jackson County, Georgia",4893,19,1062,5731,62702
177,0500000US13185,"Lowndes County, Georgia",42377,292,1882,6910,68753
178,0500000US13215,"Muscogee County, Georgia",91077,107,4211,14887,91523
179,0500000US13217,"Newton County, Georgia",50221,0,1478,6498,55220
180,0500000US13223,"Paulding County, Georgia",0,0,0,10992,129189
181,0500000US13245,"Richmond County, Georgia",113773,595,4377,10115,79198
182,0500000US13247,"Rockdale County, Georgia",52466,41,1667,9425,34763
183,0500000US13255,"Spalding County, Georgia",22394,213,719,3114,41964
184,0500000US13285,"Troup County, Georgia",26220,0,1622,2620,41375
185,0500000US13295,"Walker County, Georgia",0,0,0,1607,66016
186,0500000US13297,"Walton County, Georgia",17381,53,1276,4356,72755
187,0500000US13313,"Whitfield County, Georgia",0,0,0,37387,94992
188,0500000US15001,"Hawaii County, Hawaii",1487,917,45875,26030,109665
189,0500000US15003,"Honolulu County, Hawaii",25504,1772,413848,98012,371257
190,0500000US15007,"Kauai County, Hawaii",127,242,24320,8083,35411
191,0500000US15009,"Maui County, Hawaii",1195,297,50433,19231,84294
192,0500000US16001,"Ada County, Idaho",7344,2031,14535,39076,436954
193,0500000US16005,"Bannock County, Idaho",659,2662,1987,7647,80828
194,0500000US16019,"Bonneville County, Idaho",387,534,1256,15493,108299
195,0500000US16027,"Canyon County, Idaho",897,2419,1992,57144,191827
196,0500000US16055,"Kootenai County, Idaho",445,2159,1766,7734,155087
197,0500000US16083,"Twin Falls County, Idaho",190,383,2121,14557,79752
198,0500000US17001,"Adams County, Illinois",3054,248,426,1091,61932
199,0500000US17019,"Champaign County, Illinois",27968,164,23646,12798,155268
200,0500000US17031,"Cook County, Illinois",1204613,14604,389530,1323017,3077682
201,0500000US17037,"DeKalb County, Illinois",8124,31,2767,11921,92165
202,0500000US17043,"DuPage County, Illinois",42117,3856,113181,134231,728595
203,0500000US17089,"Kane County, Illinois",29350,1539,21759,172268,416718
204,0500000US17091,"Kankakee County, Illinois",15976,78,1016,11691,90134
205,0500000US17093,"Kendall County, Illinois",8605,77,4649,24899,111982
206,0500000US17097,"Lake County, Illinois",46360,3441,56758,155394,536569
207,0500000US17099,"LaSalle County, Illinois",3547,64,938,10972,102609
208,0500000US17111,"McHenry County, Illinois",5846,345,8795,41498,289649
209,0500000US17113,"McLean County, Illinois",14547,290,8986,8750,146644
210,0500000US17115,"Macon County, Illinois",17609,149,1226,2459,85008
211,0500000US17119,"Madison County, Illinois",22876,668,2508,8942,235397
212,0500000US17143,"Peoria County, Illinois",30995,637,7844,8878,139044
213,0500000US17161,"Rock Island County, Illinois",14038,462,4141,18801,119933
214,0500000US17163,"St. Clair County, Illinois",78982,300,3973,10899,173015
215,0500000US17167,"Sangamon County, Illinois",24375,589,4191,4593,164881
216,0500000US17179,"Tazewell County, Illinois",1978,317,1482,3069,127387
217,0500000US17183,"Vermilion County, Illinois",10903,111,797,3999,64029
218,0500000US17197,"Will County, Illinois",76324,3843,35847,123504,533099
219,0500000US17199,"Williamson County, Illinois",2656,386,928,1848,61535
220,0500000US17201,"Winnebago County, Illinois",36736,323,8487,37271,234037
221,0500000US18003,"Allen County, Indiana",43203,750,15205,28556,304636
222,0500000US18005,"Bartholomew County, Indiana",1319,0,6556,5732,73557
223,0500000US18011,"Boone County, Indiana",1305,183,1227,2126,63125
224,0500000US18019,"Clark County, Indiana",8287,0,695,6509,106237
225,0500000US18035,"Delaware County, Indiana",7989,110,1718,2942,104142
226,0500000US18039,"Elkhart County, Indiana",9586,690,1849,33502,182959
227,0500000US18043,"Floyd County, Indiana",4075,174,871,2616,72113
228,0500000US18053,"Grant County, Indiana",4966,88,131,2901,60394
229,0500000US18057,"Hamilton County, Indiana",12440,25,19303,13558,294520
230,0500000US18059,"Hancock County, Indiana",0,0,0,226,71919
231,0500000US18063,"Hendricks County, Indiana",11473,61,5101,6725,147621
232,0500000US18067,"Howard County, Indiana",6281,761,1291,2847,73697
233,0500000US18081,"Johnson County, Indiana",3296,0,5313,5637,146464
234,0500000US18085,"Kosciusko County, Indiana",425,651,1105,6391,75340
235,0500000US18089,"Lake County, Indiana",112433,1052,7424,93904,309544
236,0500000US18091,"LaPorte County, Indiana",12635,551,69,7524,94016
237,0500000US18095,"Madison County, Indiana",11218,241,713,5339,116197
238,0500000US18097,"Marion County, Indiana",273100,2438,34090,101614,599777
239,0500000US18105,"Monroe County, Indiana",4366,800,10317,5145,130066
240,0500000US18109,"Morgan County, Indiana",0,0,0,1114,69860
241,0500000US18127,"Porter County, Indiana",6584,308,2501,17405,158148
242,0500000US18141,"St. Joseph County, Indiana",36168,1294,6770,24136,218869
243,0500000US18157,"Tippecanoe County, Indiana",10775,617,15530,16412,162741
244,0500000US18163,"Vanderburgh County, Indiana",19069,156,1826,4950,157187
245,0500000US18167,"Vigo County, Indiana",7547,48,2083,2922,95516
246,0500000US18177,"Wayne County, Indiana",0,0,0,2066,61473
247,0500000US19013,"Black Hawk County, Iowa",13714,744,3689,5893,112407
248,0500000US19049,"Dallas County, Iowa",2275,145,3848,5544,83829
249,0500000US19061,"Dubuque County, Iowa",2548,312,1318,2438,92568
250,0500000US19103,"Johnson County, Iowa",10576,341,9222,8772,125456
251,0500000US19113,"Linn County, Iowa",14183,367,5508,7573,203444
252,0500000US19153,"Polk County, Iowa",31773,933,23806,41544,421808
253,0500000US19155,"Pottawattamie County, Iowa",1818,313,541,7339,88836
254,0500000US19163,"Scott County, Iowa",11733,491,4702,11879,154545
255,0500000US19169,"Story County, Iowa",1259,93,8376,3486,86708
256,0500000US19193,"Woodbury County, Iowa",4374,2067,2906,17407,92197
257,0500000US20015,"Butler County, Kansas",1527,516,665,3353,63898
258,0500000US20045,"Douglas County, Kansas",5261,4196,6983,7739,103412
259,0500000US20091,"Johnson County, Kansas",27293,1781,30094,46433,530353
260,0500000US20103,"Leavenworth County, Kansas",6781,410,720,5655,70836
261,0500000US20161,"Riley County, Kansas",4717,100,3560,6272,64196
262,0500000US20173,"Sedgwick County, Kansas",46536,6261,20105,76529,414885
263,0500000US20177,"Shawnee County, Kansas",15208,2303,2581,22415,152947
264,0500000US20209,"Wyandotte County, Kansas",34860,618,7957,48472,101737
265,0500000US21015,"Boone County, Kentucky",3903,0,2300,5702,123902
266,0500000US21029,"Bullitt County, Kentucky",0,0,0,1701,78236
267,0500000US21037,"Campbell County, Kentucky",3016,214,944,2008,88625
268,0500000US21047,"Christian County, Kentucky",15698,410,1394,5808,52174
269,0500000US21059,"Daviess County, Kentucky",4299,177,1809,3279,93149
270,0500000US21067,"Fayette County, Kentucky",47626,356,12495,24028,252655
271,0500000US21093,"Hardin County, Kentucky",12289,901,2503,6641,91218
272,0500000US21111,"Jefferson County, Kentucky",168182,1914,23035,44010,561986
273,0500000US21117,"Kenton County, Kentucky",7076,385,1936,5624,151956
274,0500000US21145,"McCracken County, Kentucky",7164,354,627,1703,56753
275,0500000US21151,"Madison County, Kentucky",3960,138,958,2351,86161
276,0500000US21185,"Oldham County, Kentucky",2850,82,1050,2704,62088
277,0500000US21227,"Warren County, Kentucky",9620,190,6036,7330,110498
278,0500000US22005,"Ascension Parish, Louisiana",27087,386,1875,7160,91381
279,0500000US22015,"Bossier Parish, Louisiana",29728,484,2705,8605,91098
280,0500000US22017,"Caddo Parish, Louisiana",119870,1255,3189,7006,115463
281,0500000US22019,"Calcasieu Parish, Louisiana",51649,609,2662,7666,146697
282,0500000US22033,"East Baton Rouge Parish, Louisiana",204056,279,12497,18539,215998
283,0500000US22045,"Iberia Parish, Louisiana",22855,0,2044,3051,45475
284,0500000US22051,"Jefferson Parish, Louisiana",118066,1890,16431,64499,278494
285,0500000US22055,"Lafayette Parish, Louisiana",63982,467,4655,11277,171575
286,0500000US22057,"Lafourche Parish, Louisiana",13264,1833,281,4297,81519
287,0500000US22063,"Livingston Parish, Louisiana",7246,375,1211,5365,127662
288,0500000US22071,"Orleans Parish, Louisiana",231314,706,10870,21962,140101
289,0500000US22073,"Ouachita Parish, Louisiana",57839,73,1724,3442,92841
290,0500000US22079,"Rapides Parish, Louisiana",40327,1099,1344,4171,85481
291,0500000US22097,"St. Landry Parish, Louisiana",0,0,0,1882,47423
292,0500000US22103,"St. Tammany Parish, Louisiana",32957,2309,4533,14811,216895
293,0500000US22105,"Tangipahoa Parish, Louisiana",39782,188,1109,5855,92004
294,0500000US22109,"Terrebonne Parish, Louisiana",20567,6792,1373,5625,81173
295,0500000US23001,"Androscoggin County, Maine",3184,66,757,2134,102915
296,0500000US23003,"Aroostook County, Maine",279,1397,219,887,65175
297,0500000US23005,"Cumberland County, Maine",9041,377,6951,6284,275579
298,0500000US23011,"Kennebec County, Maine",491,158,1389,1938,119530
299,0500000US23019,"Penobscot County, Maine",1690,2037,1688,2115,145171
300,0500000US23031,"York County, Maine",1954,1121,2565,3585,200033
301,0500000US24001,"Allegany County, Maryland",6469,107,308,1321,63652
302,0500000US24003,"Anne Arundel County, Maryland",96455,952,22370,46561,435755
303,0500000US24005,"Baltimore County, Maryland",240297,1833,50320,46831,514401
304,0500000US24009,"Calvert County, Maryland",11823,0,2346,3818,76691
305,0500000US24013,"Carroll County, Maryland",5767,186,3359,6248,157675
306,0500000US24015,"Cecil County, Maryland",7325,33,1403,4698,92942
307,0500000US24017,"Charles County, Maryland",77394,1079,5200,9754,73638
308,0500000US24021,"Frederick County, Maryland",26200,304,10441,25988,215162
309,0500000US24025,"Harford County, Maryland",35479,490,6519,12036,207059
310,0500000US24027,"Howard County, Maryland",64624,657,59189,23100,191935
311,0500000US24031,"Montgomery County, Maryland",196316,2818,152890,209033,585855
312,0500000US24033,"Prince George's County, Maryland",566790,2331,37029,173295,163198
313,0500000US24037,"St. Mary's County, Maryland",17155,89,2693,5995,90861
314,0500000US24043,"Washington County, Maryland",16959,184,2931,8144,128696
315,0500000US24045,"Wicomico County, Maryland",27727,195,3277,5605,70501
316,0500000US24510,"Baltimore city, Maryland",371664,1600,15490,33061,194713
317,0500000US25001,"Barnstable County, Massachusetts",8036,1538,3229,6833,197916
318,0500000US25003,"Berkshire County, Massachusetts",3940,374,2133,6402,117305
319,0500000US25005,"Bristol County, Massachusetts",25062,753,13053,47555,487342
320,0500000US25009,"Essex County, Massachusetts",35405,1188,28928,172925,632399
321,0500000US25011,"Franklin County, Massachusetts",1107,276,1143,2956,66774
322,0500000US25013,"Hampden County, Massachusetts",44607,1082,11656,122993,392718
323,0500000US25015,"Hampshire County, Massachusetts",4378,417,9251,9323,145054
324,0500000US25017,"Middlesex County, Massachusetts",87875,4164,198986,133371,1273494
325,0500000US25021,"Norfolk County, Massachusetts",53112,1209,83337,33646,553294
326,0500000US25023,"Plymouth County, Massachusetts",51695,1136,7949,21097,438683
327,0500000US25025,"Suffolk County, Massachusetts",175761,2498,71303,188744,494056
328,0500000US25027,"Worcester County, Massachusetts",44256,1371,41100,98988,714439
329,0500000US26005,"Allegan County, Michigan",2355,404,993,8712,110209
330,0500000US26017,"Bay County, Michigan",1851,353,473,5636,100890
331,0500000US26021,"Berrien County, Michigan",21589,862,2842,8802,127319
332,0500000US26025,"Calhoun County, Michigan",13948,789,3634,7187,114887
333,0500000US26037,"Clinton County, Michigan",1975,152,1161,3601,75914
334,0500000US26045,"Eaton County, Michigan",7054,509,2826,6019,97935
335,0500000US26049,"Genesee County, Michigan",80771,1523,4031,14198,317414
336,0500000US26055,"Grand Traverse County, Michigan",740,802,508,2723,89753
337,0500000US26065,"Ingham County, Michigan",34341,837,20591,23065,232438
338,0500000US26073,"Isabella County, Michigan",1787,3172,1333,2813,62664
339,0500000US26075,"Jackson County, Michigan",12464,418,1421,5726,142999
340,0500000US26077,"Kalamazoo County, Michigan",27655,928,6269,13332,225196
341,0500000US26081,"Kent County, Michigan",62932,2449,21059,70102,545344
342,0500000US26087,"Lapeer County, Michigan",649,351,589,4111,86286
343,0500000US26091,"Lenawee County, Michigan",2261,525,479,8019,94794
344,0500000US26093,"Livingston County, Michigan",1511,836,1872,4793,186265
345,0500000US26099,"Macomb County, Michigan",105713,2932,36776,23445,721702
346,0500000US26103,"Marquette County, Michigan",949,812,707,1078,63806
347,0500000US26111,"Midland County, Michigan",1229,250,2101,2320,79165
348,0500000US26115,"Monroe County, Michigan",3117,85,645,5503,145527
349,0500000US26121,"Muskegon County, Michigan",23350,1822,1270,10081,146227
350,0500000US26125,"Oakland County, Michigan",175057,2940,98366,52939,969071
351,0500000US26139,"Ottawa County, Michigan",5460,992,8189,29000,265003
352,0500000US26145,"Saginaw County, Michigan",36459,590,2519,16303,148559
353,0500000US26147,"St. Clair County, Michigan",4086,358,780,5454,153402
354,0500000US26155,"Shiawassee County, Michigan",644,60,119,2013,66760
355,0500000US26159,"Van Buren County, Michigan",3063,216,333,8845,67282
356,0500000US26161,"Washtenaw County, Michigan",42546,555,36404,17977,285780
357,0500000US26163,"Wayne County, Michigan",675924,5808,59619,106400,970422
358,0500000US27003,"Anoka County, Minnesota",23174,2712,15764,16770,305923
359,0500000US27013,"Blue Earth County, Minnesota",2602,132,1696,2586,62259
360,0500000US27019,"Carver County, Minnesota",1993,25,3132,4420,97732
361,0500000US27037,"Dakota County, Minnesota",28112,1080,20517,31456,364245
362,0500000US27053,"Hennepin County, Minnesota",169349,9894,90522,87811,945966
363,0500000US27109,"Olmsted County, Minnesota",10024,200,9542,7863,134433
364,0500000US27123,"Ramsey County, Minnesota",65928,3830,81169,41817,384410
365,0500000US27131,"Rice County, Minnesota",3893,256,1653,5404,58007
366,0500000US27137,"St. Louis County, Minnesota",2661,3763,1573,3540,190937
367,0500000US27139,"Scott County, Minnesota",7189,954,9629,7865,127704
368,0500000US27141,"Sherburne County, Minnesota",2625,916,1675,2572,90383
369,0500000US27145,"Stearns County, Minnesota",11438,158,2985,5508,141349
370,0500000US27163,"Washington County, Minnesota",13137,923,15443,11127,226472
371,0500000US27171,"Wright County, Minnesota",1279,137,1783,4193,131372
372,0500000US28033,"DeSoto County, Mississippi",51441,295,1954,9268,124125
373,0500000US28035,"Forrest County, Mississippi",27788,245,770,2182,45691
374,0500000US28047,"Harrison County, Mississippi",52714,440,5047,11497,145427
375,0500000US28049,"Hinds County, Mississippi",173435,146,1449,3874,61240
376,0500000US28059,"Jackson County, Mississippi",28428,62,3722,9972,105199
377,0500000US28067,"Jones County, Mississippi",0,0,0,3061,46556
378,0500000US28075,"Lauderdale County, Mississippi",0,0,0,1673,40841
379,0500000US28081,"Lee County, Mississippi",24351,399,455,2320,58022
380,0500000US28089,"Madison County, Mississippi",40002,32,3021,3312,62226
381,0500000US28121,"Rankin County, Mississippi",32841,602,1886,4368,116320
382,0500000US29019,"Boone County, Missouri",16375,827,8521,6356,153746
383,0500000US29021,"Buchanan County, Missouri",4681,233,756,6099,80403
384,0500000US29031,"Cape Girardeau County, Missouri",4869,120,1682,1869,71939
385,0500000US29037,"Cass County, Missouri",4046,544,711,4775,99185
386,0500000US29043,"Christian County, Missouri",1950,943,419,2627,83671
387,0500000US29047,"Clay County, Missouri",16327,1300,4489,17175,219230
388,0500000US29051,"Cole County, Missouri",9206,463,1023,2260,65658
389,0500000US29071,"Franklin County, Missouri",0,0,0,1874,102667
390,0500000US29077,"Greene County, Missouri",8836,1433,5308,11245,271912
391,0500000US29095,"Jackson County, Missouri",163281,2039,12554,63768,496322
392,0500000US29097,"Jasper County, Missouri",2444,3024,1326,9975,111586
393,0500000US29099,"Jefferson County, Missouri",984,765,1536,4572,220063
394,0500000US29165,"Platte County, Missouri",7389,403,2602,6369,90377
395,0500000US29183,"St. Charles County, Missouri",19425,629,10997,13374,365354
396,0500000US29187,"St. Francois County, Missouri",0,0,0,1092,63060
397,0500000US29189,"St. Louis County, Missouri",243987,1974,45482,29524,695928
398,0500000US29510,"St. Louis city, Missouri",137404,685,10878,12509,149514
399,0500000US30013,"Cascade County, Montana",1416,3319,675,3747,74596
400,0500000US30029,"Flathead County, Montana",411,2081,1369,2907,97772
401,0500000US30031,"Gallatin County, Montana",295,943,1970,4491,107994
402,0500000US30049,"Lewis and Clark County, Montana",270,1535,471,2340,66130
403,0500000US30063,"Missoula County, Montana",826,1877,1838,3951,113099
404,0500000US30111,"Yellowstone County, Montana",787,7763,1019,9248,149536
405,0500000US31055,"Douglas County, Nebraska",61942,4147,22721,72721,463119
406,0500000US31109,"Lancaster County, Nebraska",12492,2085,12759,22897,284465
407,0500000US31153,"Sarpy County, Nebraska",7373,636,4295,17992,165093
408,0500000US32003,"Clark County, Nevada",264357,23704,219628,701766,1386548
409,0500000US32031,"Washoe County, Nevada",11785,7284,23738,115669,370304
410,0500000US33005,"Cheshire County, New Hampshire",537,313,1349,746,74072
411,0500000US33009,"Grafton County, New Hampshire",1212,403,3169,2271,84640
412,0500000US33011,"Hillsborough County, New Hampshire",13824,622,17910,29202,377435
413,0500000US33013,"Merrimack County, New Hampshire",2033,388,3026,3402,144627
414,0500000US33015,"Rockingham County, New Hampshire",2447,9,5447,9823,298660
415,0500000US33017,"Strafford County, New Hampshire",934,201,4606,3352,123852
416,0500000US34001,"Atlantic County, New Jersey",37050,557,21421,51019,181880
417,0500000US34003,"Bergen County, New Jersey",55416,2941,155916,192760,686999
418,0500000US34005,"Burlington County, New Jersey",76289,347,20861,37100,332098
419,0500000US34007,"Camden County, New Jersey",102304,609,30542,87433,322858
420,0500000US34009,"Cape May County, New Jersey",3564,16,1088,7300,85163
421,0500000US34011,"Cumberland County, New Jersey",29550,793,2659,47426,102519
422,0500000US34013,"Essex County, New Jersey",318855,1076,44447,188318,341686
423,0500000US34015,"Gloucester County, New Jersey",29877,508,9763,18639,245528
424,0500000US34017,"Hudson County, New Jersey",82145,3008,108472,290058,379752
425,0500000US34019,"Hunterdon County, New Jersey",3680,0,5446,8506,115029
426,0500000US34021,"Mercer County, New Jersey",75902,630,41990,67082,233988
427,0500000US34023,"Middlesex County, New Jersey",84157,2911,202159,179145,489060
428,0500000US34025,"Monmouth County, New Jersey",46143,495,34085,68677,529284
429,0500000US34027,"Morris County, New Jersey",17669,833,51943,67765,415386
430,0500000US34029,"Ocean County, New Jersey",19746,827,11806,56862,554187
431,0500000US34031,"Passaic County, New Jersey",56572,754,27104,212823,323896
432,0500000US34033,"Salem County, New Jersey",9394,346,450,5938,50431
433,0500000US34035,"Somerset County, New Jersey",32082,500,61353,49623,228214
434,0500000US34037,"Sussex County, New Jersey",3364,88,3090,12168,133110
435,0500000US34039,"Union County, New Jersey",119389,3687,31093,180440,308479
436,0500000US34041,"Warren County, New Jersey",4847,205,2525,10277,95143
437,0500000US35001,"Bernalillo County, New Mexico",19806,31767,18763,341701,556725
438,0500000US35005,"Chaves County, New Mexico",1854,640,467,37003,55622
439,0500000US35013,"Do√±a Ana County, New Mexico",4341,2650,2084,149162,196345
440,0500000US35025,"Lea County, New Mexico",2597,546,732,41323,64418
441,0500000US35031,"McKinley County, New Mexico",298,57633,797,10419,9766
442,0500000US35035,"Otero County, New Mexico",2225,4380,751,25857,55536
443,0500000US35043,"Sandoval County, New Mexico",3752,18073,2121,57157,113204
444,0500000US35045,"San Juan County, New Mexico",1074,50058,1492,25663,69361
445,0500000US35049,"Santa Fe County, New Mexico",1781,4554,1720,76649,130356
446,0500000US35061,"Valencia County, New Mexico",1102,2564,508,46654,64670
447,0500000US36001,"Albany County, New York",39649,282,21496,18738,240720
448,0500000US36005,"Bronx County, New York",509310,8717,54467,807228,358929
449,0500000US36007,"Broome County, New York",10809,591,9341,8322,167104
450,0500000US36009,"Cattaraugus County, New York",1018,2539,481,1631,72146
451,0500000US36011,"Cayuga County, New York",3506,132,580,2348,72376
452,0500000US36013,"Chautauqua County, New York",3434,394,716,10006,118691
453,0500000US36015,"Chemung County, New York",4999,15,1174,2684,77424
454,0500000US36019,"Clinton County, New York",3605,54,962,3304,73626
455,0500000US36027,"Dutchess County, New York",32319,1017,9867,36670,238771
456,0500000US36029,"Erie County, New York",121796,4117,34361,52409,733439
457,0500000US36045,"Jefferson County, New York",6760,250,1516,8700,100037
458,0500000US36047,"Kings County, New York",827041,7200,300232,492700,1202854
459,0500000US36051,"Livingston County, New York",2109,180,515,2310,59911
460,0500000US36053,"Madison County, New York",1211,62,1485,1653,67255
461,0500000US36055,"Monroe County, New York",112272,3122,28479,67065,580162
462,0500000US36059,"Nassau County, New York",162245,6223,135709,234061,948661
463,0500000US36061,"New York County, New York",236356,12359,200213,421023,964150
464,0500000US36063,"Niagara County, New York",15579,1496,2791,6562,188785
465,0500000US36065,"Oneida County, New York",15517,580,9806,13916,199756
466,0500000US36067,"Onondaga County, New York",55880,3251,15963,23429,381687
467,0500000US36069,"Ontario County, New York",2638,230,1317,5517,103561
468,0500000US36071,"Orange County, New York",43050,797,10935,80031,291776
469,0500000US36075,"Oswego County, New York",1609,158,971,3158,114018
470,0500000US36079,"Putnam County, New York",3496,164,1949,15645,84719
471,0500000US36081,"Queens County, New York",419389,10219,588677,639612,902599
472,0500000US36083,"Rensselaer County, New York",10611,192,4342,8342,142380
473,0500000US36085,"Richmond County, New York",47098,451,48714,88888,357722
474,0500000US36087,"Rockland County, New York",38958,377,19660,58839,241578
475,0500000US36089,"St. Lawrence County, New York",3066,841,1028,2585,101312
476,0500000US36091,"Saratoga County, New York",4948,554,6005,7719,216898
477,0500000US36093,"Schenectady County, New York",15413,1502,7111,11449,124761
478,0500000US36101,"Steuben County, New York",1347,37,1564,1629,92341
479,0500000US36103,"Suffolk County, New York",116010,5501,59485,292889,1235235
480,0500000US36105,"Sullivan County, New York",6663,312,1321,12550,63005
481,0500000US36109,"Tompkins County, New York",4703,196,10518,5472,84519
482,0500000US36111,"Ulster County, New York",10718,503,3026,18785,158799
483,0500000US36113,"Warren County, New York",0,0,0,1741,61665
484,0500000US36117,"Wayne County, New York",2042,7,640,4029,86340
485,0500000US36119,"Westchester County, New York",143734,2677,58946,243261,633317
486,0500000US37001,"Alamance County, North Carolina",32746,409,2829,21498,118344
487,0500000US37019,"Brunswick County, North Carolina",14475,1221,513,6663,118627
488,0500000US37021,"Buncombe County, North Carolina",16083,1007,2654,17326,235881
489,0500000US37023,"Burke County, North Carolina",5663,691,3257,5648,79014
490,0500000US37025,"Cabarrus County, North Carolina",38874,116,8764,22787,155649
491,0500000US37027,"Caldwell County, North Carolina",3770,0,465,4644,74699
492,0500000US37031,"Carteret County, North Carolina",3291,102,1092,2965,64835
493,0500000US37035,"Catawba County, North Carolina",13084,363,6575,15748,130034
494,0500000US37037,"Chatham County, North Carolina",9046,118,1222,9011,59929
495,0500000US37045,"Cleveland County, North Carolina",21214,240,1103,3573,72026
496,0500000US37049,"Craven County, North Carolina",23111,226,2375,7590,74988
497,0500000US37051,"Cumberland County, North Carolina",123982,4251,8571,39430,180752
498,0500000US37057,"Davidson County, North Carolina",15428,275,2864,12183,144374
499,0500000US37063,"Durham County, North Carolina",113271,1101,15792,43428,174507
500,0500000US37067,"Forsyth County, North Carolina",99830,1305,9574,49429,255460
501,0500000US37069,"Franklin County, North Carolina",16790,148,460,5763,46233
502,0500000US37071,"Gaston County, North Carolina",37011,529,3628,16180,175659
503,0500000US37081,"Guilford County, North Carolina",179585,3586,27077,43495,304206
504,0500000US37085,"Harnett County, North Carolina",25909,1224,1757,17464,97438
505,0500000US37089,"Henderson County, North Carolina",4352,286,1758,12113,108412
506,0500000US37097,"Iredell County, North Carolina",17120,1808,4624,13936,152389
507,0500000US37101,"Johnston County, North Carolina",33049,737,1159,28310,159769
508,0500000US37109,"Lincoln County, North Carolina",0,0,0,5999,77586
509,0500000US37119,"Mecklenburg County, North Carolina",348940,4831,68138,148350,599945
510,0500000US37125,"Moore County, North Carolina",10406,537,1672,6709,83778
511,0500000US37127,"Nash County, North Carolina",37190,767,854,6658,50649
512,0500000US37129,"New Hanover County, North Carolina",32739,515,3650,13024,192578
513,0500000US37133,"Onslow County, North Carolina",27738,1753,3952,25261,159074
514,0500000US37135,"Orange County, North Carolina",16500,1799,11390,12584,112353
515,0500000US37147,"Pitt County, North Carolina",62463,967,3697,11419,106436
516,0500000US37151,"Randolph County, North Carolina",8133,885,1805,16774,124950
517,0500000US37155,"Robeson County, North Carolina",31788,53375,840,11874,37951
518,0500000US37157,"Rockingham County, North Carolina",16571,110,387,5661,69145
519,0500000US37159,"Rowan County, North Carolina",21442,381,1630,12997,111742
520,0500000US37161,"Rutherford County, North Carolina",0,0,0,3049,57548
521,0500000US37171,"Surry County, North Carolina",0,0,0,7764,66362
522,0500000US37179,"Union County, North Carolina",27967,174,7860,26958,195927
523,0500000US37183,"Wake County, North Carolina",220735,2466,78213,112797,733635
524,0500000US37191,"Wayne County, North Carolina",37652,22,1667,15211,81415
525,0500000US37193,"Wilkes County, North Carolina",3042,0,225,4637,63862
526,0500000US37195,"Wilson County, North Carolina",32253,400,787,8793,42744
527,0500000US38015,"Burleigh County, North Dakota",2208,4210,572,2469,87681
528,0500000US38017,"Cass County, North Dakota",12097,2075,6669,5008,159837
529,0500000US38035,"Grand Forks County, North Dakota",3512,1975,2235,3101,60001
530,0500000US38101,"Ward County, North Dakota",2863,1268,1224,4259,61421
531,0500000US39003,"Allen County, Ohio",11915,359,850,3248,88280
532,0500000US39007,"Ashtabula County, Ohio",0,0,0,4214,93080
533,0500000US39009,"Athens County, Ohio",1864,231,1699,1279,61686
534,0500000US39013,"Belmont County, Ohio",1916,107,571,679,64667
535,0500000US39017,"Butler County, Ohio",31642,781,13085,18601,327923
536,0500000US39023,"Clark County, Ohio",11167,126,726,4732,122051
537,0500000US39025,"Clermont County, Ohio",2624,55,2237,4190,199533
538,0500000US39029,"Columbiana County, Ohio",0,0,0,776,98993
539,0500000US39035,"Cuyahoga County, Ohio",363507,3432,38700,76732,815544
540,0500000US39041,"Delaware County, Ohio",6806,319,12823,5568,182656
541,0500000US39043,"Erie County, Ohio",7328,723,46,3408,65305
542,0500000US39045,"Fairfield County, Ohio",10941,0,1983,3556,142354
543,0500000US39049,"Franklin County, Ohio",298151,3351,72084,74816,905542
544,0500000US39055,"Geauga County, Ohio",1211,188,674,1509,91720
545,0500000US39057,"Greene County, Ohio",13007,154,4888,4925,148433
546,0500000US39061,"Hamilton County, Ohio",208138,909,24334,28177,571230
547,0500000US39063,"Hancock County, Ohio",1198,0,1384,4218,71921
548,0500000US39081,"Jefferson County, Ohio",3163,44,1119,999,61051
549,0500000US39085,"Lake County, Ohio",10504,133,2941,10738,213368
550,0500000US39089,"Licking County, Ohio",7207,313,3682,3495,162387
551,0500000US39093,"Lorain County, Ohio",25734,1071,3396,31642,274543
552,0500000US39095,"Lucas County, Ohio",80289,1367,6707,31270,329578
553,0500000US39099,"Mahoning County, Ohio",32943,604,2206,14677,190335
554,0500000US39101,"Marion County, Ohio",3627,239,459,1801,60427
555,0500000US39103,"Medina County, Ohio",2575,104,1885,3823,173724
556,0500000US39109,"Miami County, Ohio",1402,341,1846,1845,102481
557,0500000US39113,"Montgomery County, Ohio",108345,1576,12140,16459,402503
558,0500000US39119,"Muskingum County, Ohio",3667,157,222,778,81816
559,0500000US39133,"Portage County, Ohio",7006,0,3330,3138,152300
560,0500000US39139,"Richland County, Ohio",10266,290,1033,2397,108847
561,0500000US39141,"Ross County, Ohio",4446,0,512,1017,71552
562,0500000US39145,"Scioto County, Ohio",0,0,0,938,71939
563,0500000US39151,"Stark County, Ohio",27636,630,3951,8011,334447
564,0500000US39153,"Summit County, Ohio",77677,1337,20151,12149,436550
565,0500000US39155,"Trumbull County, Ohio",16382,132,1564,3771,180313
566,0500000US39157,"Tuscarawas County, Ohio",0,0,0,1406,91421
567,0500000US39165,"Warren County, Ohio",8559,443,13920,6552,208736
568,0500000US39169,"Wayne County, Ohio",3167,91,241,2421,111606
569,0500000US39173,"Wood County, Ohio",3594,293,2210,7432,122876
570,0500000US40017,"Canadian County, Oklahoma",5395,5889,3883,13486,123631
571,0500000US40027,"Cleveland County, Oklahoma",12952,12872,13263,25237,233436
572,0500000US40031,"Comanche County, Oklahoma",17707,3957,2602,16101,89538
573,0500000US40037,"Creek County, Oklahoma",1429,7494,465,3094,60597
574,0500000US40101,"Muskogee County, Oklahoma",7212,12314,217,4308,45243
575,0500000US40109,"Oklahoma County, Oklahoma",118296,24568,27276,141002,581091
576,0500000US40119,"Payne County, Oklahoma",3212,2896,3324,3986,72204
577,0500000US40125,"Pottawatomie County, Oklahoma",2597,9342,432,3781,59495
578,0500000US40131,"Rogers County, Oklahoma",1064,12531,1611,4487,76049
579,0500000US40143,"Tulsa County, Oklahoma",66174,32715,21879,84522,504709
580,0500000US40145,"Wagoner County, Oklahoma",2597,7317,1357,5164,66194
581,0500000US41003,"Benton County, Oregon",1041,933,6924,7008,81936
582,0500000US41005,"Clackamas County, Oregon",3762,1903,19111,36855,379525
583,0500000US41017,"Deschutes County, Oregon",752,1008,2668,15517,185559
584,0500000US41019,"Douglas County, Oregon",165,2149,1381,6651,105374
585,0500000US41029,"Jackson County, Oregon",2167,2877,3567,29042,207280
586,0500000US41033,"Josephine County, Oregon",330,526,1103,6657,84208
587,0500000US41035,"Klamath County, Oregon",511,3599,613,9090,61063
588,0500000US41039,"Lane County, Oregon",3290,3998,10779,34712,344197
589,0500000US41043,"Linn County, Oregon",858,716,1116,11838,117321
590,0500000US41047,"Marion County, Oregon",5299,3000,7366,93731,287609
591,0500000US41051,"Multnomah County, Oregon",45483,7906,64309,95385,674690
592,0500000US41053,"Polk County, Oregon",209,3106,1509,12221,75993
593,0500000US41059,"Umatilla County, Oregon",763,2750,982,21136,68837
594,0500000US41067,"Washington County, Oregon",14670,3139,62998,101582,480208
595,0500000US41071,"Yamhill County, Oregon",260,1271,1442,17306,98874
596,0500000US42001,"Adams County, Pennsylvania",1281,359,770,7307,98648
597,0500000US42003,"Allegheny County, Pennsylvania",157323,1466,48655,26562,1000184
598,0500000US42005,"Armstrong County, Pennsylvania",0,0,0,519,64367
599,0500000US42007,"Beaver County, Pennsylvania",8680,413,1034,2694,153368
600,0500000US42011,"Berks County, Pennsylvania",21274,384,6085,92169,360450
601,0500000US42013,"Blair County, Pennsylvania",0,0,0,1599,118496
602,0500000US42017,"Bucks County, Pennsylvania",24896,340,31672,34596,558627
603,0500000US42019,"Butler County, Pennsylvania",2167,0,3032,2921,181960
604,0500000US42021,"Cambria County, Pennsylvania",4361,130,444,2182,125730
605,0500000US42025,"Carbon County, Pennsylvania",0,0,0,3258,62410
606,0500000US42027,"Centre County, Pennsylvania",6076,63,11373,4945,144155
607,0500000US42029,"Chester County, Pennsylvania",31220,262,29646,39447,452987
608,0500000US42033,"Clearfield County, Pennsylvania",1896,263,362,2387,76573
609,0500000US42037,"Columbia County, Pennsylvania",1265,56,782,1872,62053
610,0500000US42039,"Crawford County, Pennsylvania",870,69,344,1164,83420
611,0500000US42041,"Cumberland County, Pennsylvania",9372,386,11174,10389,227090
612,0500000US42043,"Dauphin County, Pennsylvania",57569,656,12593,26725,198850
613,0500000US42045,"Delaware County, Pennsylvania",125853,1655,31189,22173,399648
614,0500000US42049,"Erie County, Pennsylvania",20597,946,4909,11840,241890
615,0500000US42051,"Fayette County, Pennsylvania",5484,182,611,1593,123417
616,0500000US42055,"Franklin County, Pennsylvania",4897,66,671,9133,147106
617,0500000US42063,"Indiana County, Pennsylvania",1433,41,847,1126,81418
618,0500000US42069,"Lackawanna County, Pennsylvania",4518,64,6020,17080,196723
619,0500000US42071,"Lancaster County, Pennsylvania",24117,1484,12368,58761,487499
620,0500000US42073,"Lawrence County, Pennsylvania",3724,145,368,1316,81868
621,0500000US42075,"Lebanon County, Pennsylvania",4366,47,2126,19476,123635
622,0500000US42077,"Lehigh County, Pennsylvania",26790,1387,13064,93520,302892
623,0500000US42079,"Luzerne County, Pennsylvania",15225,585,4248,40882,283980
624,0500000US42081,"Lycoming County, Pennsylvania",4872,292,858,2349,106841
625,0500000US42085,"Mercer County, Pennsylvania",6307,189,943,1723,102765
626,0500000US42089,"Monroe County, Pennsylvania",26984,73,4333,28118,131876
627,0500000US42091,"Montgomery County, Pennsylvania",75819,627,65612,44104,670567
628,0500000US42095,"Northampton County, Pennsylvania",17588,730,8998,42206,268016
629,0500000US42097,"Northumberland County, Pennsylvania",2570,0,321,3279,86936
630,0500000US42101,"Philadelphia County, Pennsylvania",657756,4326,116907,240269,666718
631,0500000US42107,"Schuylkill County, Pennsylvania",5390,373,714,6787,134246
632,0500000US42111,"Somerset County, Pennsylvania",1944,39,200,1147,71170
633,0500000US42125,"Washington County, Pennsylvania",7066,0,2308,3629,197597
634,0500000US42129,"Westmoreland County, Pennsylvania",9092,198,3558,4350,336462
635,0500000US42133,"York County, Pennsylvania",24439,979,7293,35450,406613
636,0500000US44003,"Kent County, Rhode Island",3268,1112,4667,8717,152598
637,0500000US44005,"Newport County, Rhode Island",3086,618,937,4917,75963
638,0500000US44007,"Providence County, Rhode Island",63073,2124,26537,148999,486778
639,0500000US44009,"Washington County, Rhode Island",1020,398,2491,4154,119256
640,0500000US45003,"Aiken County, South Carolina",43943,313,1527,9919,122514
641,0500000US45007,"Anderson County, South Carolina",29898,79,1131,7866,165407
642,0500000US45013,"Beaufort County, South Carolina",33104,682,2194,21060,143497
643,0500000US45015,"Berkeley County, South Carolina",52921,1098,4567,15221,154168
644,0500000US45019,"Charleston County, South Carolina",107456,982,6957,20678,285831
645,0500000US45031,"Darlington County, South Carolina",0,0,0,1407,39115
646,0500000US45035,"Dorchester County, South Carolina",40410,102,2639,8955,112060
647,0500000US45041,"Florence County, South Carolina",58588,726,1678,3754,74356
648,0500000US45045,"Greenville County, South Carolina",90346,6399,13396,47594,384256
649,0500000US45047,"Greenwood County, South Carolina",23677,0,467,4431,45701
650,0500000US45051,"Horry County, South Carolina",45995,3258,5131,20917,286437
651,0500000US45055,"Kershaw County, South Carolina",15034,85,45,2909,49273
652,0500000US45057,"Lancaster County, South Carolina",18752,603,1498,5325,71946
653,0500000US45059,"Laurens County, South Carolina",15673,180,328,3398,49170
654,0500000US45063,"Lexington County, South Carolina",44125,853,5810,18439,238343
655,0500000US45073,"Oconee County, South Carolina",5423,139,583,4503,71430
656,0500000US45075,"Orangeburg County, South Carolina",52599,476,729,2054,32264
657,0500000US45077,"Pickens County, South Carolina",9139,186,2638,4695,111833
658,0500000US45079,"Richland County, South Carolina",192288,986,12487,21528,196058
659,0500000US45083,"Spartanburg County, South Carolina",63608,620,6695,22259,236671
660,0500000US45085,"Sumter County, South Carolina",52663,0,1588,1768,51266
661,0500000US45091,"York County, South Carolina",53194,1833,6503,15752,207431
662,0500000US46099,"Minnehaha County, South Dakota",12368,4251,5248,9719,169233
663,0500000US46103,"Pennington County, South Dakota",1537,10645,1506,5760,97382
664,0500000US47001,"Anderson County, Tennessee",2842,636,661,2350,71739
665,0500000US47009,"Blount County, Tennessee",3551,228,775,4542,126248
666,0500000US47011,"Bradley County, Tennessee",5119,39,840,6766,97216
667,0500000US47037,"Davidson County, Tennessee",187929,927,25440,72136,451752
668,0500000US47059,"Greene County, Tennessee",0,0,0,2064,66475
669,0500000US47065,"Hamilton County, Tennessee",67960,699,7632,21355,283702
670,0500000US47093,"Knox County, Tennessee",40800,1379,10020,20443,406882
671,0500000US47113,"Madison County, Tennessee",36987,80,1094,3898,56466
672,0500000US47119,"Maury County, Tennessee",11440,311,697,5797,80956
673,0500000US47125,"Montgomery County, Tennessee",43001,1577,4967,21138,148931
674,0500000US47141,"Putnam County, Tennessee",1905,440,892,5146,73475
675,0500000US47147,"Robertson County, Tennessee",5182,59,504,5172,62741
676,0500000US47149,"Rutherford County, Tennessee",49658,1505,11120,27457,254218
677,0500000US47155,"Sevier County, Tennessee",152,113,337,6134,96735
678,0500000US47157,"Shelby County, Tennessee",505484,1502,24879,61153,380616
679,0500000US47163,"Sullivan County, Tennessee",3701,200,1060,3056,151604
680,0500000US47165,"Sumner County, Tennessee",13152,665,2434,9497,165881
681,0500000US47179,"Washington County, Tennessee",4998,291,2335,4595,119521
682,0500000US47187,"Williamson County, Tennessee",10219,1245,9958,11283,209594
683,0500000US47189,"Wilson County, Tennessee",10039,86,1079,6340,127354
684,0500000US48005,"Angelina County, Texas",12912,1493,1049,19589,69874
685,0500000US48021,"Bastrop County, Texas",7028,118,772,33683,57516
686,0500000US48027,"Bell County, Texas",93615,2333,9396,89922,238543
687,0500000US48029,"Bexar County, Texas",153706,13710,61139,1201366,1660321
688,0500000US48037,"Bowie County, Texas",23985,1090,1323,7362,65871
689,0500000US48039,"Brazoria County, Texas",54959,1721,26291,115204,263560
690,0500000US48041,"Brazos County, Texas",24515,248,14767,59014,183615
691,0500000US48061,"Cameron County, Texas",2917,535,3630,380728,405067
692,0500000US48085,"Collin County, Texas",101248,4647,160058,155001,707589
693,0500000US48091,"Comal County, Texas",2897,407,939,41187,141813
694,0500000US48099,"Coryell County, Texas",11903,318,1560,14001,59449
695,0500000US48113,"Dallas County, Texas",601408,12699,168061,1068361,1642653
696,0500000US48121,"Denton County, Texas",87572,4402,79674,167727,661495
697,0500000US48135,"Ector County, Texas",8257,925,2276,99444,129137
698,0500000US48139,"Ellis County, Texas",19602,2394,1198,47809,152470
699,0500000US48141,"El Paso County, Texas",25580,3447,10895,697411,676823
700,0500000US48157,"Fort Bend County, Texas",163689,1341,164125,194437,424847
701,0500000US48167,"Galveston County, Texas",42102,906,10986,84479,275872
702,0500000US48181,"Grayson County, Texas",7629,1168,2366,18541,119521
703,0500000US48183,"Gregg County, Texas",25568,275,1525,23738,95202
704,0500000US48187,"Guadalupe County, Texas",15258,440,2842,62764,135030
705,0500000US48201,"Harris County, Texas",901166,21230,331452,2035306,2958387
706,0500000US48203,"Harrison County, Texas",0,0,0,9047,53274
707,0500000US48209,"Hays County, Texas",8461,688,3552,88217,204093
708,0500000US48213,"Henderson County, Texas",5237,13,440,10961,76163
709,0500000US48215,"Hidalgo County, Texas",4285,1514,8735,799915,762664
710,0500000US48231,"Hunt County, Texas",8376,1622,1556,16395,78622
711,0500000US48245,"Jefferson County, Texas",84690,799,10081,54917,153167
712,0500000US48251,"Johnson County, Texas",6372,436,2039,37728,158255
713,0500000US48257,"Kaufman County, Texas",15867,382,1800,28787,108520
714,0500000US48291,"Liberty County, Texas",9386,533,164,23112,67465
715,0500000US48303,"Lubbock County, Texas",21991,2704,7174,110466,259125
716,0500000US48309,"McLennan County, Texas",37263,797,4501,68058,207089
717,0500000US48329,"Midland County, Texas",13430,3069,3415,78240,146691
718,0500000US48339,"Montgomery County, Texas",30101,2222,18352,146414,523030
719,0500000US48347,"Nacogdoches County, Texas",11019,498,1019,12964,51434
720,0500000US48355,"Nueces County, Texas",13856,1243,7916,232424,331109
721,0500000US48361,"Orange County, Texas",7777,140,1102,6674,74051
722,0500000US48367,"Parker County, Texas",2231,1662,1063,17686,131850
723,0500000US48375,"Potter County, Texas",12544,1412,7117,46280,94498
724,0500000US48381,"Randall County, Texas",4097,612,2382,30343,126518
725,0500000US48397,"Rockwall County, Texas",6688,455,2115,18129,87990
726,0500000US48409,"San Patricio County, Texas",1093,0,521,39058,62973
727,0500000US48423,"Smith County, Texas",39113,1010,4321,45738,180294
728,0500000US48439,"Tarrant County, Texas",346559,15792,116257,609236,1429107
729,0500000US48441,"Taylor County, Texas",11063,610,3726,34076,106640
730,0500000US48451,"Tom Green County, Texas",4564,534,1917,47838,107103
731,0500000US48453,"Travis County, Texas",104157,11372,87182,422798,931431
732,0500000US48469,"Victoria County, Texas",5534,167,1285,43614,83267
733,0500000US48471,"Walker County, Texas",0,0,0,13129,53856
734,0500000US48479,"Webb County, Texas",1606,116,1591,263371,267301
735,0500000US48485,"Wichita County, Texas",14383,1287,3261,25675,107396
736,0500000US48491,"Williamson County, Texas",37637,1030,39003,140331,472199
737,0500000US48497,"Wise County, Texas",1686,325,31,13457,63455
738,0500000US49005,"Cache County, Utah",991,552,2872,13795,118512
739,0500000US49011,"Davis County, Utah",5418,1583,6322,34923,331263
740,0500000US49035,"Salt Lake County, Utah",23220,9747,48833,213849,927936
741,0500000US49045,"Tooele County, Utah",145,924,852,8835,63702
742,0500000US49049,"Utah County, Utah",3569,2898,9186,74595,584647
743,0500000US49053,"Washington County, Utah",1160,2589,1926,18185,160642
744,0500000US49057,"Weber County, Utah",2960,1509,2481,47991,238924
745,0500000US50007,"Chittenden County, Vermont",3539,232,8030,3997,151427
746,0500000US51003,"Albemarle County, Virginia",10359,515,5990,6468,91370
747,0500000US51013,"Arlington County, Virginia",21345,1341,23125,37506,176283
748,0500000US51015,"Augusta County, Virginia",0,0,0,2170,71009
749,0500000US51019,"Bedford County, Virginia",0,0,0,1790,72802
750,0500000US51041,"Chesterfield County, Virginia",82884,1369,11713,31893,243477
751,0500000US51059,"Fairfax County, Virginia",111976,2220,221662,188616,758162
752,0500000US51061,"Fauquier County, Virginia",4621,380,1236,6315,63786
753,0500000US51069,"Frederick County, Virginia",4033,0,1653,8046,81513
754,0500000US51085,"Hanover County, Virginia",9340,388,2344,3381,94420
755,0500000US51087,"Henrico County, Virginia",94961,701,28428,19146,197135
756,0500000US51095,"James City County, Virginia",11236,0,1669,4475,62852
757,0500000US51107,"Loudoun County, Virginia",28674,1118,77374,56335,279967
758,0500000US51121,"Montgomery County, Virginia",4448,365,7318,3286,86039
759,0500000US51153,"Prince William County, Virginia",97459,1695,38547,113113,298868
760,0500000US51161,"Roanoke County, Virginia",4465,62,2307,2958,85918
761,0500000US51165,"Rockingham County, Virginia",2100,0,413,5964,78148
762,0500000US51177,"Spotsylvania County, Virginia",23160,279,3113,13761,102288
763,0500000US51179,"Stafford County, Virginia",26907,245,5958,20361,104820
764,0500000US51199,"York County, Virginia",9384,74,3184,4471,53538
765,0500000US51510,"Alexandria city, Virginia",36569,0,9090,26887,107953
766,0500000US51550,"Chesapeake city, Virginia",72849,212,9053,15846,154270
767,0500000US51650,"Hampton city, Virginia",67768,317,2668,8086,60292
768,0500000US51680,"Lynchburg city, Virginia",23311,277,1889,3617,54733
769,0500000US51700,"Newport News city, Virginia",75446,126,6400,16401,90720
770,0500000US51710,"Norfolk city, Virginia",98688,614,9250,20407,125400
771,0500000US51740,"Portsmouth city, Virginia",47317,1554,1429,4409,41297
772,0500000US51760,"Richmond city, Virginia",106543,236,5502,16176,113866
773,0500000US51770,"Roanoke city, Virginia",29378,162,3048,6538,66093
774,0500000US51800,"Suffolk city, Virginia",37311,174,1952,4259,49365
775,0500000US51810,"Virginia Beach city, Virginia",86768,1861,32129,37365,315151
776,0500000US53005,"Benton County, Washington",3534,848,5970,44919,174062
777,0500000US53007,"Chelan County, Washington",228,462,1100,21792,60915
778,0500000US53009,"Clallam County, Washington",965,3491,1516,4933,70564
779,0500000US53011,"Clark County, Washington",7651,3933,20836,47985,430181
780,0500000US53015,"Cowlitz County, Washington",714,3164,1376,9975,100936
781,0500000US53021,"Franklin County, Washington",2772,1747,3043,50456,72194
782,0500000US53025,"Grant County, Washington",1036,1189,1161,41005,70074
783,0500000US53027,"Grays Harbor County, Washington",1120,2922,597,7563,68628
784,0500000US53029,"Island County, Washington",1717,379,3551,6859,76303
785,0500000US53033,"King County, Washington",150183,14104,399090,218263,1536482
786,0500000US53035,"Kitsap County, Washington",6585,2314,13575,21523,236448
787,0500000US53041,"Lewis County, Washington",267,355,435,8194,76460
788,0500000US53045,"Mason County, Washington",815,1130,878,6801,56921
789,0500000US53053,"Pierce County, Washington",59853,11197,59986,99153,715611
790,0500000US53057,"Skagit County, Washington",972,3225,3195,23928,105932
791,0500000US53061,"Snohomish County, Washington",26594,6849,94095,85109,655346
792,0500000US53063,"Spokane County, Washington",8884,7317,11786,30473,471174
793,0500000US53067,"Thurston County, Washington",8869,3392,17362,26299,247587
794,0500000US53073,"Whatcom County, Washington",2215,6013,10285,21469,198523
795,0500000US53077,"Yakima County, Washington",3286,10696,2601,125472,197520
796,0500000US54003,"Berkeley County, West Virginia",8757,0,771,5396,105931
797,0500000US54011,"Cabell County, West Virginia",4272,330,974,1275,86335
798,0500000US54033,"Harrison County, West Virginia",0,0,0,728,65831
799,0500000US54039,"Kanawha County, West Virginia",13481,663,2130,2005,163747
800,0500000US54061,"Monongalia County, West Virginia",3870,188,3553,2220,98389
801,0500000US54081,"Raleigh County, West Virginia",0,0,0,666,67248
802,0500000US54107,"Wood County, West Virginia",0,0,0,1013,82108
803,0500000US55009,"Brown County, Wisconsin",7080,5931,8374,23059,236383
804,0500000US55025,"Dane County, Wisconsin",28565,2407,31998,34847,472861
805,0500000US55027,"Dodge County, Wisconsin",2812,292,789,4301,82159
806,0500000US55035,"Eau Claire County, Wisconsin",661,58,5320,2672,98376
807,0500000US55039,"Fond du Lac County, Wisconsin",2801,442,298,5426,99348
808,0500000US55055,"Jefferson County, Wisconsin",807,37,763,6132,81591
809,0500000US55059,"Kenosha County, Wisconsin",11929,414,3174,22610,150581
810,0500000US55063,"La Crosse County, Wisconsin",2283,457,5264,2336,109181
811,0500000US55071,"Manitowoc County, Wisconsin",996,430,2187,3287,75355
812,0500000US55073,"Marathon County, Wisconsin",841,183,8053,3815,124951
813,0500000US55079,"Milwaukee County, Wisconsin",248555,4695,41949,145557,580589
814,0500000US55087,"Outagamie County, Wisconsin",3565,3220,5624,8301,171513
815,0500000US55089,"Ozaukee County, Wisconsin",1100,221,1857,2728,84872
816,0500000US55097,"Portage County, Wisconsin",377,209,2338,2402,66347
817,0500000US55101,"Racine County, Wisconsin",23401,541,2756,26275,165899
818,0500000US55105,"Rock County, Wisconsin",6476,637,2059,14541,145911
819,0500000US55109,"St. Croix County, Wisconsin",274,209,937,2191,87379
820,0500000US55117,"Sheboygan County, Wisconsin",2533,655,6745,7507,104728
821,0500000US55127,"Walworth County, Wisconsin",606,165,1041,11610,99609
822,0500000US55131,"Washington County, Wisconsin",1803,379,1890,4370,130001
823,0500000US55133,"Waukesha County, Wisconsin",6914,889,15919,19296,376793
824,0500000US55139,"Winnebago County, Wisconsin",3742,966,4991,7183,160300
825,0500000US55141,"Wood County, Wisconsin",778,573,535,2259,70737
826,0500000US56021,"Laramie County, Wyoming",2005,686,1611,14644,93031
827,0500000US56025,"Natrona County, Wyoming",64,1363,131,6790,76425
828,0500000US72013,"Arecibo Municipio, Puerto Rico",0,0,0,81280,56699
829,0500000US72021,"Bayam√≥n Municipio, Puerto Rico",17451,50,155,168672,142925
830,0500000US72025,"Caguas Municipio, Puerto Rico",10801,196,234,122811,99268
831,0500000US72031,"Carolina Municipio, Puerto Rico",20714,0,505,146648,84091
832,0500000US72061,"Guaynabo Municipio, Puerto Rico",7391,78,121,82591,68059
833,0500000US72097,"Mayag√ºez Municipio, Puerto Rico",2036,0,0,71238,16180
834,0500000US72113,"Ponce Municipio, Puerto Rico",9456,407,90,132211,112668
835,0500000US72127,"San Juan Municipio, Puerto Rico",43673,1089,1040,314877,219447
836,0500000US72135,"Toa Alta Municipio, Puerto Rico",0,0,0,70303,63984
837,0500000US72137,"Toa Baja Municipio, Puerto Rico",0,0,0,73310,61171
838,0500000US72139,"Trujillo Alto Municipio, Puerto Rico",0,0,0,63528,51284
